datetime_utc,ground_station,ra_deg,dec_deg
2020-01-01 01:03:00,Australia,2.7933214973881157,-47.93961900831528
2020-01-01 01:03:30,Australia,-2.59189620867559,-48.72852370334283
2020-01-01 01:04:00,Australia,-7.125411123926637,-47.12198875073051
2020-01-01 01:04:30,Australia,-12.736086910257034,-47.042905611994556
2020-01-01 01:05:00,Australia,-19.817135194543344,-43.79728473424023
2020-01-01 01:05:30,Australia,-27.121295316753688,-40.522888242654105
2020-01-01 01:06:00,Australia,-32.83964915393215,-36.395688918531
2020-01-01 01:06:30,Australia,-39.58373996405946,-31.01407736919698
2020-01-01 01:07:00,Australia,-47.55015410018462,-23.850787357976163
2020-01-01 01:07:30,Australia,-53.6457541313216,-14.137919802313252
2020-01-01 01:08:00,Australia,-59.00072316521155,-6.039914693697525
2020-01-01 01:08:30,Australia,-64.2875730058053,4.13140782018842
2020-01-01 01:09:00,Australia,-70.4241678175183,13.080434484684073
2020-01-01 01:09:30,Australia,-74.93035318133047,21.331882073145987
2020-01-01 01:10:00,Australia,-78.12350725890391,27.696173863657865
2020-01-01 01:10:30,Australia,-82.7284197935969,33.486386290938114
2020-01-01 01:11:00,Australia,-86.19530996398792,39.40505480428264
2020-01-01 01:11:30,Australia,-87.73137902774299,43.3654342108238
2020-01-01 01:12:00,Australia,-90.821776680941,46.669122005185464
2020-01-01 01:12:30,Australia,-93.16806576233296,50.07406950513643
2020-01-01 01:13:00,Australia,-95.70562989214105,53.06158638887901
2020-01-01 01:13:30,Australia,-96.67433541330959,55.359793764813716
2020-01-01 01:14:00,Australia,-99.70465222199701,57.02454674448155
2020-01-01 01:35:30,Svalbard,-109.93374001710818,8.484815265512443
2020-01-01 01:36:00,Svalbard,-108.08259861918454,10.913065505484576
2020-01-01 01:36:30,Svalbard,-105.95227696851795,13.477762809750766
2020-01-01 01:37:00,Svalbard,-105.09414124965828,17.248177736802838
2020-01-01 01:37:30,Svalbard,-102.85382846827225,22.51319971990476
2020-01-01 01:38:00,Svalbard,-99.83981585186257,25.358642649179398
2020-01-01 01:38:30,Svalbard,-95.06441073201593,32.670187525125094
2020-01-01 01:39:00,Svalbard,-88.06204227037189,38.58331246782206
2020-01-01 01:39:30,Svalbard,-75.84882532087583,46.33409509717241
2020-01-01 01:40:00,Svalbard,-54.36146306887041,54.23272358613499
2020-01-01 01:40:30,Svalbard,-24.799433680678657,55.59513052087385
2020-01-01 01:41:00,Svalbard,3.289713394744949,50.50992091957562
2020-01-01 01:41:30,Svalbard,21.13463250467253,41.49184743692707
2020-01-01 01:42:00,Svalbard,30.100342231089837,33.9470054095794
2020-01-01 01:42:30,Svalbard,35.760223689327866,26.661863618787056
2020-01-01 01:43:00,Svalbard,39.824431249949086,19.97217589005947
2020-01-01 01:43:30,Svalbard,42.75598436562884,16.80342903749923
2020-01-01 01:44:00,Svalbard,43.848471108732134,11.889131067871913
2020-01-01 01:44:30,Svalbard,46.37838984645456,8.781282119877329
2020-01-01 01:45:00,Svalbard,46.54716533630758,5.972330310659206
2020-01-01 01:45:30,Svalbard,48.10942551143811,2.598999558817428
2020-01-01 01:46:00,Svalbard,49.33362822416984,1.4150646673358376
2020-01-01 01:46:30,Svalbard,48.88668100894116,0.24051965023593494
2020-01-01 02:08:00,Argentina,27.493411362056964,45.15668002944051
2020-01-01 02:08:30,Argentina,24.597134415068734,41.83861476970897
2020-01-01 02:09:00,Argentina,22.696402578758573,37.95480469156733
2020-01-01 02:09:30,Argentina,19.752077888656178,34.0345580323153
2020-01-01 02:10:00,Argentina,16.57779589162488,28.438125033433284
2020-01-01 02:10:30,Argentina,13.16372625240356,22.90576972801519
2020-01-01 02:11:00,Argentina,8.655039305233581,16.96624296024955
2020-01-01 02:11:30,Argentina,3.913460194306759,8.959816828944097
2020-01-01 02:12:00,Argentina,-0.22943180592667095,1.9903023351385538
2020-01-01 02:12:30,Argentina,-5.440653237657359,-6.879987920926666
2020-01-01 02:13:00,Argentina,-11.376815139805563,-13.42043429622035
2020-01-01 02:13:30,Argentina,-17.66508848178563,-20.395474678480166
2020-01-01 02:14:00,Argentina,-23.67035836610107,-26.281708029624788
2020-01-01 02:14:30,Argentina,-29.709952747120035,-31.722980641560685
2020-01-01 02:15:00,Argentina,-35.64701940271857,-35.36536723374625
2020-01-01 02:15:30,Argentina,-40.9765475927471,-38.39086045795105
2020-01-01 02:16:00,Argentina,-47.61844778290488,-41.867349037381494
2020-01-01 02:16:30,Argentina,-52.55628367064247,-42.4675900728501
2020-01-01 02:17:00,Argentina,-57.16648756433061,-43.0108726197782
2020-01-01 02:17:30,Argentina,-62.77893469573382,-43.84766523289971
2020-01-01 02:18:00,Antarctica,40.678392216846326,12.803051077775693
2020-01-01 02:18:30,Antarctica,39.5000584138241,10.310225708056604
2020-01-01 02:19:00,Antarctica,35.3657772588344,8.116137125959446
2020-01-01 02:19:30,Antarctica,33.735129836643814,4.842210921288102
2020-01-01 02:20:00,Antarctica,29.460697980147128,0.7576696881175021
2020-01-01 02:20:30,Antarctica,25.64226430318939,-2.6480118709222036
2020-01-01 02:21:00,Antarctica,18.855509034275947,-7.860403092910407
2020-01-01 02:21:30,Antarctica,11.42471409767519,-14.17464475040322
2020-01-01 02:22:00,Antarctica,0.4863379404777795,-18.651721383562837
2020-01-01 02:22:30,Antarctica,-10.435317756946944,-24.3633277479279
2020-01-01 02:23:00,Antarctica,-24.13065408132797,-27.82444473262948
2020-01-01 02:23:30,Antarctica,-38.286694247795495,-30.71853593990161
2020-01-01 02:24:00,Antarctica,-50.670348252145224,-29.965185489582446
2020-01-01 02:24:30,Antarctica,-62.25203266497666,-31.17931166911779
2020-01-01 02:25:00,Antarctica,-71.20552321353671,-29.14386014201657
2020-01-01 02:25:30,Antarctica,-78.07636640290507,-27.093598272285888
2020-01-01 02:26:00,Antarctica,-82.69584304183132,-24.908697947663647
2020-01-01 02:26:30,Antarctica,-87.01691450499213,-23.352816489659766
2020-01-01 02:27:00,Antarctica,-90.74970216281652,-21.610493581343153
2020-01-01 02:27:30,Antarctica,-94.31209533668785,-18.625103896557132
2020-01-01 02:28:00,Antarctica,-95.42896322529582,-18.267495429719652
2020-01-01 02:28:30,Antarctica,-99.39930104146242,-16.90208310329986
2020-01-01 02:29:00,Antarctica,-100.06151539336472,-14.7070510944777
2020-01-01 02:37:30,Australia,102.3351700374577,-58.3707606399729
2020-01-01 02:38:00,Australia,110.45183206865741,-58.833900738476025
2020-01-01 02:38:30,Australia,117.8590182669618,-58.07122473071307
2020-01-01 02:39:00,Australia,127.89671340787363,-57.535950704284105
2020-01-01 02:39:30,Australia,136.67006974927727,-54.96901805856877
2020-01-01 02:40:00,Australia,146.8760804553601,-50.66243195921337
2020-01-01 02:40:30,Australia,155.17297199441535,-45.917665474553786
2020-01-01 02:41:00,Australia,162.75541711119521,-40.14392223489427
2020-01-01 02:41:30,Australia,169.97894400502986,-31.917766112962045
2020-01-01 02:42:00,Australia,174.29901562044526,-23.65921795453386
2020-01-01 02:42:30,Australia,179.147716116517,-15.33613004775008
2020-01-01 02:43:00,Australia,-177.29473364016744,-6.113192683510533
2020-01-01 02:43:30,Australia,-173.65354073497826,0.6292477680666776
2020-01-01 02:44:00,Australia,-172.07360595699691,8.774578778619135
2020-01-01 02:44:30,Australia,-169.1167159408991,13.769883916364275
2020-01-01 02:45:00,Australia,-168.73020476253703,20.203020439660417
2020-01-01 02:45:30,Australia,-166.68419563961208,24.31544449660536
2020-01-01 02:46:00,Australia,-167.11442671472153,28.53445059229832
2020-01-01 02:46:30,Australia,-164.94246788194184,31.607565397199014
2020-01-01 02:47:00,Australia,-164.70936076872516,34.97434355491456
2020-01-01 03:08:30,Svalbard,-110.11954671111816,-0.38031814184014856
2020-01-01 03:09:00,Svalbard,-109.191334460946,2.774384638866712
2020-01-01 03:09:30,Svalbard,-108.27138886876689,4.863841300589238
2020-01-01 03:10:00,Svalbard,-108.51772795760353,8.197262703579597
2020-01-01 03:10:30,Svalbard,-105.2848590214783,10.075737989661715
2020-01-01 03:11:00,Svalbard,-104.63690661594732,14.213340701860169
2020-01-01 03:11:30,Svalbard,-101.73931030349432,17.036136153482097
2020-01-01 03:12:00,Svalbard,-99.22836626065687,22.850228167186465
2020-01-01 03:12:30,Svalbard,-94.06480194344623,30.007241951001618
2020-01-01 03:13:00,Svalbard,-85.76058706652397,38.05694713831791
2020-01-01 03:13:30,Svalbard,-73.62251548674965,47.333441764461796
2020-01-01 03:14:00,Svalbard,-51.27698945960814,55.39791679028244
2020-01-01 03:14:30,Svalbard,-18.299594846799135,57.06463645594377
2020-01-01 03:15:00,Svalbard,7.814904616239773,51.43983367329346
2020-01-01 03:15:30,Svalbard,23.758036559012258,43.04221649589782
2020-01-01 03:16:00,Svalbard,32.661119851368355,35.213830083668455
2020-01-01 03:16:30,Svalbard,38.86504935802377,28.427598259418385
2020-01-01 03:17:00,Svalbard,42.24632717138105,23.11469650674852
2020-01-01 03:17:30,Svalbard,44.07036716335244,19.676054142911102
2020-01-01 03:18:00,Svalbard,46.5517300928699,16.378441204584107
2020-01-01 03:18:30,Svalbard,47.53374382619121,13.758005222189322
2020-01-01 03:19:00,Svalbard,49.36012156014843,9.424366756558598
2020-01-01 03:19:30,Svalbard,50.34298429122288,7.7130809988506845
2020-01-01 03:20:00,Svalbard,50.224361416440836,4.136362484031691
2020-01-01 03:20:30,Svalbard,51.18882890230035,4.049413913220884
2020-01-01 03:54:30,Antarctica,19.14153270807504,4.2696120408091
2020-01-01 03:55:00,Antarctica,14.87282279504025,1.0961601980112121
2020-01-01 03:55:30,Antarctica,11.186987388578771,-0.9926808589821661
2020-01-01 03:56:00,Antarctica,6.242143340601982,-3.6438744995591277
2020-01-01 03:56:30,Antarctica,0.34917888812857434,-6.58809655529838
2020-01-01 03:57:00,Antarctica,-6.18972186695393,-10.333430651970321
2020-01-01 03:57:30,Antarctica,-12.539050125212578,-13.320986032333176
2020-01-01 03:58:00,Antarctica,-18.357658483603416,-14.83460523923055
2020-01-01 03:58:30,Antarctica,-26.707773414677,-17.93358340112678
2020-01-01 03:59:00,Antarctica,-33.94228567917937,-18.942544366780446
2020-01-01 03:59:30,Antarctica,-41.84804416917614,-20.976423316027137
2020-01-01 04:00:00,Antarctica,-48.309166998595,-21.77534526641838
2020-01-01 04:00:30,Antarctica,-54.39729955230016,-20.549812164607857
2020-01-01 04:01:00,Antarctica,-61.06815126920355,-20.754508882075676
2020-01-01 04:01:30,Antarctica,-66.19163048901456,-19.820705726244366
2020-01-01 04:02:00,Antarctica,-70.57127594366864,-17.916690211877327
2020-01-01 04:02:30,Antarctica,-74.2615715974591,-17.018714210098473
2020-01-01 04:03:00,Antarctica,-77.86131844168389,-16.40091781085304
2020-01-01 04:03:30,Antarctica,-82.13395230581922,-15.215797752985893
2020-01-01 04:43:00,Svalbard,-113.20390118596691,-2.441438010190023
2020-01-01 04:43:30,Svalbard,-112.97616037005199,-0.17837116532432945
2020-01-01 04:44:00,Svalbard,-112.92735263195217,2.4723400257989754
2020-01-01 04:44:30,Svalbard,-112.46656256437838,6.143480751482785
2020-01-01 04:45:00,Svalbard,-111.77846676543828,8.451517973862396
2020-01-01 04:45:30,Svalbard,-111.04830894931375,12.818627488177935
2020-01-01 04:46:00,Svalbard,-109.11063937239572,19.427255483213568
2020-01-01 04:46:30,Svalbard,-107.18957177614557,26.139253889156198
2020-01-01 04:47:00,Svalbard,-104.89372415677148,36.30890302612678
2020-01-01 04:47:30,Svalbard,-95.85812694994966,51.12956548356629
2020-01-01 04:48:00,Svalbard,-74.07733127609518,67.67295471539289
2020-01-01 04:48:30,Svalbard,-8.481669516513225,72.41548434071707
2020-01-01 04:49:00,Svalbard,30.748660643094833,62.27526514181644
2020-01-01 04:49:30,Svalbard,43.62120721183495,49.624797061492956
2020-01-01 04:50:00,Svalbard,48.25567765312314,38.578494663052815
2020-01-01 04:50:30,Svalbard,51.35490418377954,30.94745078786351
2020-01-01 04:51:00,Svalbard,52.57414029724081,26.66423448334073
2020-01-01 04:51:30,Svalbard,54.559113215099764,21.66562498849707
2020-01-01 04:52:00,Svalbard,55.15142479651907,18.9242765475734
2020-01-01 04:52:30,Svalbard,54.599876168328336,15.100638312301676
2020-01-01 04:53:00,Svalbard,56.05549923443659,12.716797639590634
2020-01-01 04:53:30,Svalbard,55.93313548390223,11.595006640383117
2020-01-01 04:54:00,Svalbard,56.15154662169294,8.660268003219604
2020-01-01 04:54:30,Svalbard,56.22437340653018,6.987597786864688
2020-01-01 05:32:30,Antarctica,-5.385889038732666,-9.087549494590185
2020-01-01 05:33:00,Antarctica,-9.834605455013811,-10.049671208065535
2020-01-01 05:33:30,Antarctica,-15.347837193333048,-12.28896223236456
2020-01-01 05:34:00,Antarctica,-20.14019627637459,-13.706689045489393
2020-01-01 05:34:30,Antarctica,-26.11609469028114,-14.775574462673148
2020-01-01 05:35:00,Antarctica,-31.66982242278071,-16.680475254965106
2020-01-01 05:35:30,Antarctica,-36.64478633959379,-16.3091906220248
2020-01-01 05:36:00,Antarctica,-42.78751798594429,-16.883166548051893
2020-01-01 05:36:30,Antarctica,-47.286721882165374,-17.486556287783984
2020-01-01 05:37:00,Antarctica,-52.793708014543164,-17.522199202589615
2020-01-01 05:37:30,Antarctica,-56.57490056402787,-15.718127130406105
2020-01-01 06:17:00,Svalbard,-122.25413038612443,-8.41183579129631
2020-01-01 06:17:30,Svalbard,-122.72550495454439,-6.159409535907912
2020-01-01 06:18:00,Svalbard,-123.96952107532893,-3.7888958213274275
2020-01-01 06:18:30,Svalbard,-124.99581208200024,-0.5952943451930766
2020-01-01 06:19:00,Svalbard,-125.07690130760314,1.8058806363461135
2020-01-01 06:19:30,Svalbard,-127.88678325331573,6.040883493771185
2020-01-01 06:20:00,Svalbard,-129.67355015772108,11.485086304756797
2020-01-01 06:20:30,Svalbard,-131.66783302595218,17.965757529165334
2020-01-01 06:21:00,Svalbard,-136.63655471495633,24.342177676659215
2020-01-01 06:21:30,Svalbard,-142.8468339754275,36.77068140594757
2020-01-01 06:22:00,Svalbard,-156.69060351940382,50.83240228401837
2020-01-01 06:22:30,Svalbard,168.68262230341682,63.90814826392874
2020-01-01 06:23:00,Svalbard,119.56281049064302,63.076818190920044
2020-01-01 06:23:30,Svalbard,92.98949927711338,52.40805453440812
2020-01-01 06:24:00,Svalbard,83.3328014011703,42.322327877684636
2020-01-01 06:24:30,Svalbard,78.14328203781304,36.16817990494984
2020-01-01 06:25:00,Svalbard,73.77755097898718,28.461019814817938
2020-01-01 06:25:30,Svalbard,71.99503250273631,25.16631884656432
2020-01-01 06:26:00,Svalbard,70.51168307702689,21.704397352586923
2020-01-01 06:26:30,Svalbard,68.5240714877645,18.37192710979295
2020-01-01 06:27:00,Svalbard,67.4474803910433,16.642139431035293
2020-01-01 06:27:30,Svalbard,66.11712478374703,13.583990197859004
2020-01-01 06:28:00,Svalbard,66.02101690546783,12.67231426441171
2020-01-01 06:28:30,Svalbard,66.08575347747983,9.148596728036155
2020-01-01 06:29:00,Svalbard,64.32470648175689,8.137361302930206
2020-01-01 07:52:00,Svalbard,-135.6048346341907,-9.613800640440653
2020-01-01 07:52:30,Svalbard,-136.3746532072696,-6.7199279351672425
2020-01-01 07:53:00,Svalbard,-138.98128947938704,-4.52359775359559
2020-01-01 07:53:30,Svalbard,-141.53528825595492,-2.009339940187641
2020-01-01 07:54:00,Svalbard,-143.94430523854766,1.6538972939051344
2020-01-01 07:54:30,Svalbard,-147.61648373212697,4.608221527765797
2020-01-01 07:55:00,Svalbard,-154.19010917384495,9.412715279287642
2020-01-01 07:55:30,Svalbard,-160.903063061218,14.705502287146508
2020-01-01 07:56:00,Svalbard,-169.23986569100623,19.739858711802874
2020-01-01 07:56:30,Svalbard,178.93369958960386,25.58204344337662
2020-01-01 07:57:00,Svalbard,164.4529658474528,31.06423256416281
2020-01-01 07:57:30,Svalbard,147.2692543098521,33.50286991749486
2020-01-01 07:58:00,Svalbard,131.16522346507338,33.27487324385313
2020-01-01 07:58:30,Svalbard,118.73335105205116,32.59256879188957
2020-01-01 07:59:00,Svalbard,107.3876529990869,30.045170619045734
2020-01-01 07:59:30,Svalbard,99.62388280412318,27.674888415930305
2020-01-01 08:00:00,Svalbard,93.24846534105909,24.05115398347361
2020-01-01 08:00:30,Svalbard,88.66848132205337,21.044977806143915
2020-01-01 08:01:00,Svalbard,86.34824681483717,19.136673937854262
2020-01-01 08:01:30,Svalbard,82.58737043104242,17.268203870730662
2020-01-01 08:02:00,Svalbard,80.53317983385338,14.4754446334013
2020-01-01 08:02:30,Svalbard,78.7976915209271,13.524477050437964
2020-01-01 08:03:00,Svalbard,77.68357558526797,10.373906725083035
2020-01-01 09:28:00,Svalbard,-149.71262667715698,-4.344934662924408
2020-01-01 09:28:30,Svalbard,-153.9806570999643,-2.1907930707492556
2020-01-01 09:29:00,Svalbard,-157.52482612701732,1.3463553010891383
2020-01-01 09:29:30,Svalbard,-162.51741311693195,3.0120938180190913
2020-01-01 09:30:00,Svalbard,-167.41964279091357,5.778527088711729
2020-01-01 09:30:30,Svalbard,-172.99518086688454,10.06077639459281
2020-01-01 09:31:00,Svalbard,-179.83786757432588,12.755920695028788
2020-01-01 09:31:30,Svalbard,171.45991966024565,16.32450594284255
2020-01-01 09:32:00,Svalbard,163.10818919230192,18.65477795520652
2020-01-01 09:32:30,Svalbard,153.73599622649044,20.954491640173554
2020-01-01 09:33:00,Svalbard,143.1224778022785,22.328921206010495
2020-01-01 09:33:30,Svalbard,133.942244386065,21.57713244940972
2020-01-01 09:34:00,Svalbard,126.06833085170626,22.95774984967584
2020-01-01 09:34:30,Svalbard,118.83919272022584,22.48659982655507
2020-01-01 09:35:00,Svalbard,112.57316313607176,19.67921562873258
2020-01-01 09:35:30,Svalbard,106.51292330046722,18.99818190851601
2020-01-01 09:36:00,Svalbard,101.60673158158455,16.27594891082822
2020-01-01 09:36:30,Svalbard,97.26201175525169,14.805235539416586
2020-01-01 09:37:00,Svalbard,94.98726400737874,13.754588295006155
2020-01-01 09:37:30,Svalbard,91.88583380531587,11.304680284180767
2020-01-01 09:38:00,Svalbard,88.87562925278704,10.51746720786178
2020-01-01 10:24:30,Antarctica,-23.926513597077477,-15.973780841543984
2020-01-01 10:25:00,Antarctica,-28.909210521547237,-15.659523524964092
2020-01-01 10:25:30,Antarctica,-34.12101066771816,-15.160211508378438
2020-01-01 10:26:00,Antarctica,-39.33231202821069,-13.573722266231117
2020-01-01 10:26:30,Antarctica,-45.15683270919461,-12.368055736661354
2020-01-01 10:27:00,Antarctica,-50.48953733564938,-11.728024180213808
2020-01-01 10:27:30,Antarctica,-54.084018463329,-9.942353281999477
2020-01-01 11:04:00,Svalbard,-161.91112068717948,-0.4337379043490907
2020-01-01 11:04:30,Svalbard,-164.5519482029321,1.6381041833693715
2020-01-01 11:05:00,Svalbard,-169.29828881088602,3.726915479476745
2020-01-01 11:05:30,Svalbard,-174.52016374173587,6.778150169700202
2020-01-01 11:06:00,Svalbard,-179.08158559697256,9.1960401479782
2020-01-01 11:06:30,Svalbard,175.17923598147354,11.127885518372054
2020-01-01 11:07:00,Svalbard,169.0009959082513,13.115491097990013
2020-01-01 11:07:30,Svalbard,162.10216554206508,15.442930492084338
2020-01-01 11:08:00,Svalbard,155.78287869573202,17.1231275741115
2020-01-01 11:08:30,Svalbard,148.45847052763773,17.53920777974405
2020-01-01 11:09:00,Svalbard,141.570375002011,18.14294114855785
2020-01-01 11:09:30,Svalbard,135.28469659013106,17.417966083148226
2020-01-01 11:10:00,Svalbard,128.17089815514393,17.135406819175852
2020-01-01 11:10:30,Svalbard,123.72889603449022,17.966743552949605
2020-01-01 11:11:00,Svalbard,117.04236582510238,16.295594926089997
2020-01-01 11:11:30,Svalbard,112.95811205735515,15.098036836722533
2020-01-01 11:12:00,Svalbard,108.3757652555236,13.178187583902101
2020-01-01 11:12:30,Svalbard,104.2071087768912,12.339574105159402
2020-01-01 11:13:00,Svalbard,101.07113530923705,11.20431870822384
2020-01-01 11:41:30,Australia,117.9536315275874,4.870317838422737
2020-01-01 11:42:00,Australia,120.7582856329559,0.15360595558605777
2020-01-01 11:42:30,Australia,120.54049368644495,-3.648427946816568
2020-01-01 11:43:00,Australia,123.74752546545257,-9.325898903031346
2020-01-01 11:43:30,Australia,126.88622226544011,-14.894658572207875
2020-01-01 11:44:00,Australia,130.7596023812213,-20.208803915897875
2020-01-01 11:44:30,Australia,133.781869167782,-24.517806819274412
2020-01-01 11:45:00,Australia,138.16263824271127,-30.915457849739944
2020-01-01 11:45:30,Australia,142.96878038428443,-34.84637149928501
2020-01-01 11:46:00,Australia,146.6947788576363,-39.22116305481479
2020-01-01 11:46:30,Australia,154.15446768733017,-41.92095406417086
2020-01-01 11:47:00,Australia,159.74516832856588,-45.69203190149364
2020-01-01 11:47:30,Australia,165.67880896276378,-47.18260154836672
2020-01-01 11:48:00,Australia,171.59229446931246,-49.095288211739216
2020-01-01 11:48:30,Australia,177.15901168803384,-51.015274270357814
2020-01-01 11:58:30,Antarctica,3.219191748921557,-18.89996545693388
2020-01-01 11:59:00,Antarctica,-0.5864175224235818,-17.036095759731715
2020-01-01 11:59:30,Antarctica,-6.162600025296369,-18.957347049689744
2020-01-01 12:00:00,Antarctica,-12.031053840533401,-19.47569667866218
2020-01-01 12:00:30,Antarctica,-17.47378660852114,-19.6499253349788
2020-01-01 12:01:00,Antarctica,-24.197342078830015,-19.01274938054203
2020-01-01 12:01:30,Antarctica,-31.607145984413894,-17.65132876866174
2020-01-01 12:02:00,Antarctica,-36.95325754357696,-14.791218267589683
2020-01-01 12:02:30,Antarctica,-44.266586145939826,-13.87250461294011
2020-01-01 12:03:00,Antarctica,-49.28436851522387,-11.042689284186705
2020-01-01 12:03:30,Antarctica,-55.266338242224016,-9.022326586769093
2020-01-01 12:04:00,Antarctica,-60.442991801594474,-6.446085295505901
2020-01-01 12:04:30,Antarctica,-65.8831563709526,-3.7943584234318024
2020-01-01 12:05:00,Antarctica,-69.12330134028694,-2.0663227723602065
2020-01-01 12:05:30,Antarctica,-73.41337510774792,1.0287543887685273
2020-01-01 12:06:00,Antarctica,-76.8641818853093,2.7318104934737204
2020-01-01 12:06:30,Antarctica,-79.62854185260075,4.775241685677691
2020-01-01 12:11:30,Argentina,-40.62018355366292,-14.972019929755186
2020-01-01 12:12:00,Argentina,-44.743600449774426,-11.391045319542602
2020-01-01 12:12:30,Argentina,-47.30698090786911,-7.327151933997058
2020-01-01 12:13:00,Argentina,-49.65446390650565,-3.2190694876644597
2020-01-01 12:13:30,Argentina,-52.96051105866255,1.4063415329489173
2020-01-01 12:14:00,Argentina,-55.555982923285534,4.452709924085859
2020-01-01 12:14:30,Argentina,-58.45781862200143,10.153678731999944
2020-01-01 12:15:00,Argentina,-60.878625375680265,14.07919312972941
2020-01-01 12:41:00,Svalbard,-173.44921091354132,6.6169784163694345
2020-01-01 12:41:30,Svalbard,-177.06229346728605,8.88258084443676
2020-01-01 12:42:00,Svalbard,178.3128180079607,9.674644998852965
2020-01-01 12:42:30,Svalbard,173.16502072589114,11.460110737084042
2020-01-01 12:43:00,Svalbard,167.43475177980426,12.779883875987013
2020-01-01 12:43:30,Svalbard,161.9980924713094,14.8707453672334
2020-01-01 12:44:00,Svalbard,157.10901077344596,15.20333323357574
2020-01-01 12:44:30,Svalbard,149.44108186187714,15.539297438552884
2020-01-01 12:45:00,Svalbard,144.1383779078777,15.419884807524037
2020-01-01 12:45:30,Svalbard,137.84386809397256,16.685570904050937
2020-01-01 12:46:00,Svalbard,132.1819452610439,16.579333334719145
2020-01-01 12:46:30,Svalbard,127.47276689878794,15.160411893040228
2020-01-01 12:47:00,Svalbard,122.40202001816424,14.389856533881765
2020-01-01 12:47:30,Svalbard,117.81641636291539,12.668214211600876
2020-01-01 12:48:00,Svalbard,113.53832543726038,12.540176118624796
2020-01-01 12:48:30,Svalbard,109.90660315230778,9.709555464299044
2020-01-01 13:12:30,Australia,69.32384847593133,56.023137813019424
2020-01-01 13:13:00,Australia,66.61373711722108,53.52000929574509
2020-01-01 13:13:30,Australia,66.79854429377244,51.044509011995565
2020-01-01 13:14:00,Australia,64.43119721203004,47.17789713338978
2020-01-01 13:14:30,Australia,64.27595625902269,44.50790043910751
2020-01-01 13:15:00,Australia,61.61164566476832,40.1680827580947
2020-01-01 13:15:30,Australia,58.279252020649075,36.3282141661075
2020-01-01 13:16:00,Australia,55.6307152008761,27.96067164641347
2020-01-01 13:16:30,Australia,52.70138596361268,19.764885601343533
2020-01-01 13:17:00,Australia,48.99877299133095,5.461244841196238
2020-01-01 13:17:30,Australia,42.39216430984015,-13.129977340554245
2020-01-01 13:18:00,Australia,31.420073926365685,-36.70260129251702
2020-01-01 13:18:30,Australia,18.405460222940967,-54.27935233088746
2020-01-01 13:19:00,Australia,-3.164054338644951,-65.11237021110198
2020-01-01 13:19:30,Australia,-28.7100815264216,-70.88979929696167
2020-01-01 13:20:00,Australia,-52.33960241550753,-70.53134730577072
2020-01-01 13:20:30,Australia,-67.46731830468434,-68.86809351742924
2020-01-01 13:21:00,Australia,-78.213982269243,-66.41015834160277
2020-01-01 13:21:30,Australia,-83.79628896680194,-64.38423974587354
2020-01-01 13:22:00,Australia,-88.79662318617284,-62.14027169608818
2020-01-01 13:22:30,Australia,-92.03002000364421,-59.82288720304457
2020-01-01 13:23:00,Australia,-94.41126616637906,-57.80877732270104
2020-01-01 13:23:30,Australia,-96.53566808183811,-55.674787671438
2020-01-01 13:32:30,Antarctica,28.685653734769982,-16.992591987338116
2020-01-01 13:33:00,Antarctica,25.359035834856403,-18.9694790289623
2020-01-01 13:33:30,Antarctica,23.08898938875775,-19.787275270819382
2020-01-01 13:34:00,Antarctica,19.14758207341231,-21.53337929871513
2020-01-01 13:34:30,Antarctica,14.486932902756015,-23.293574514290682
2020-01-01 13:35:00,Antarctica,8.839395107710155,-23.601169668298276
2020-01-01 13:35:30,Antarctica,2.3012788105215063,-25.316699303817266
2020-01-01 13:36:00,Antarctica,-5.220157729143805,-25.557857704967535
2020-01-01 13:36:30,Antarctica,-15.52190418050557,-25.39999559870659
2020-01-01 13:37:00,Antarctica,-25.229914629591093,-24.698381553125934
2020-01-01 13:37:30,Antarctica,-35.41530763837535,-22.665689378062222
2020-01-01 13:38:00,Antarctica,-46.49442084880787,-17.526023574281616
2020-01-01 13:38:30,Antarctica,-55.262882410912404,-15.92287369385675
2020-01-01 13:39:00,Antarctica,-64.14460863806504,-10.311554495661783
2020-01-01 13:39:30,Antarctica,-70.79620917690627,-7.212050516188038
2020-01-01 13:40:00,Antarctica,-76.42756508874733,-1.8988626000644069
2020-01-01 13:40:30,Antarctica,-81.72416805868629,1.3719799232188752
2020-01-01 13:41:00,Antarctica,-85.2578308410127,3.2613171483031227
2020-01-01 13:41:30,Antarctica,-88.81168531183404,6.658241229571267
2020-01-01 13:42:00,Argentina,36.24267094104446,-53.8690815720265
2020-01-01 13:42:30,Argentina,33.53679601749391,-54.95395214395321
2020-01-01 13:43:00,Argentina,30.690583756359942,-55.85159090967895
2020-01-01 13:43:30,Argentina,26.007706010512198,-58.823345383290906
2020-01-01 13:44:00,Argentina,22.28019992092398,-60.438281840014376
2020-01-01 13:44:30,Argentina,15.341671532196004,-62.49430211345666
2020-01-01 13:45:00,Argentina,7.339861406676731,-64.40056766352166
2020-01-01 13:45:30,Argentina,-6.381546351219381,-65.95442807914499
2020-01-01 13:46:00,Argentina,-25.630928099265574,-65.76648207970707
2020-01-01 13:46:30,Argentina,-46.03656645289265,-61.8974779781255
2020-01-01 13:47:00,Argentina,-66.65561266466621,-52.022035352492985
2020-01-01 13:47:30,Argentina,-81.94400885270296,-36.51149842419961
2020-01-01 13:48:00,Argentina,-92.60132658292854,-17.32699328565354
2020-01-01 13:48:30,Argentina,-100.05926832215857,0.5188440703384392
2020-01-01 13:49:00,Argentina,-106.62610773984665,14.794681822983241
2020-01-01 13:49:30,Argentina,-108.85763262887599,24.30018077393029
2020-01-01 13:50:00,Argentina,-113.54224192416986,31.422643334829267
2020-01-01 13:50:30,Argentina,-116.68890698733844,36.97846397323388
2020-01-01 13:51:00,Argentina,-117.79414644059027,40.92110838937392
2020-01-01 13:51:30,Argentina,-120.38532433674723,44.40750425636928
2020-01-01 13:52:00,Argentina,-121.89740069792992,47.523579851210606
2020-01-01 13:52:30,Argentina,-122.91087602793387,49.59065241786388
2020-01-01 13:53:00,Argentina,-124.7262945701153,52.54482923550658
2020-01-01 13:53:30,Argentina,-126.13722478144958,52.58600317629605
2020-01-01 13:54:00,Argentina,-127.83657780117571,55.585588077405596
2020-01-01 14:18:00,Svalbard,180.23412466445455,12.709186089913604
2020-01-01 14:18:30,Svalbard,176.01441866751676,12.64238372436789
2020-01-01 14:19:00,Svalbard,169.92373204992202,13.711249856707367
2020-01-01 14:19:30,Svalbard,163.6982494997271,15.633286336874452
2020-01-01 14:20:00,Svalbard,159.84291134924925,15.942724258566201
2020-01-01 14:20:30,Svalbard,154.42597715364533,15.580169066775568
2020-01-01 14:21:00,Svalbard,147.7394572955087,15.76088087066214
2020-01-01 14:21:30,Svalbard,142.37462018409138,15.42049402276416
2020-01-01 14:22:00,Svalbard,136.03729074574647,14.164493676040761
2020-01-01 14:22:30,Svalbard,130.66424687340782,13.362116685931639
2020-01-01 14:23:00,Svalbard,126.10382818632391,11.799709818842729
2020-01-01 14:23:30,Svalbard,121.30394302469665,11.978979277112945
2020-01-01 14:24:00,Svalbard,117.67924557680338,10.139538863365733
2020-01-01 14:24:30,Svalbard,113.21781159972919,8.053959479267714
2020-01-01 14:51:30,Australia,-4.345040252218946,6.7956762134980435
2020-01-01 14:52:00,Australia,-8.171388724246599,2.773988118757309
2020-01-01 14:52:30,Australia,-9.274351026650544,-3.001390960894436
2020-01-01 14:53:00,Australia,-13.057538039578457,-6.75949774391204
2020-01-01 14:53:30,Australia,-14.932450210982314,-10.366441175427823
2020-01-01 14:54:00,Australia,-17.589942436152054,-15.098304398206817
2020-01-01 14:54:30,Australia,-22.500831740100825,-18.134651465151975
2020-01-01 14:55:00,Australia,-24.505134218512424,-20.87780528607552
2020-01-01 15:07:30,Antarctica,47.441831781885035,-19.643940010841202
2020-01-01 15:08:00,Antarctica,45.66486202099762,-20.810105173719645
2020-01-01 15:08:30,Antarctica,43.27948541012795,-23.778021004564778
2020-01-01 15:09:00,Antarctica,41.751318317422424,-24.680214117899165
2020-01-01 15:09:30,Antarctica,39.12493153259395,-29.89172575218407
2020-01-01 15:10:00,Antarctica,34.81633678003837,-32.75133322799329
2020-01-01 15:10:30,Antarctica,29.572166755824355,-37.28556726775356
2020-01-01 15:11:00,Antarctica,21.083144492712997,-42.01976267745744
2020-01-01 15:11:30,Antarctica,8.407043203575492,-47.00217160143587
2020-01-01 15:12:00,Antarctica,-13.78244661891339,-51.81167738712786
2020-01-01 15:12:30,Antarctica,-42.24591492138929,-49.376509899734515
2020-01-01 15:13:00,Antarctica,-68.34204257537125,-39.92637408395759
2020-01-01 15:13:30,Antarctica,-83.02605034039176,-29.153971871270457
2020-01-01 15:14:00,Antarctica,-93.35837917087154,-18.60888684944949
2020-01-01 15:14:30,Antarctica,-98.75780163902199,-11.828148724532737
2020-01-01 15:15:00,Antarctica,-102.98304020940692,-4.8134840547995354
2020-01-01 15:15:30,Antarctica,-106.86745135157524,0.5118067544785474
2020-01-01 15:16:00,Antarctica,-108.8559662098224,3.9620593793665826
2020-01-01 15:16:30,Antarctica,-110.48995117590196,6.982559214474933
2020-01-01 15:17:00,Antarctica,-112.01984757591515,9.401286347517154
2020-01-01 15:17:30,Antarctica,-113.66458017528926,11.370589449700429
2020-01-01 15:18:00,Argentina,128.51233606035004,-48.960069042666284
2020-01-01 15:18:30,Argentina,135.17593116464747,-47.380241605095016
2020-01-01 15:19:00,Argentina,141.60650495161536,-44.73881634341026
2020-01-01 15:19:30,Argentina,147.35996508210192,-41.725435720112294
2020-01-01 15:20:00,Argentina,154.0379828464435,-38.67972500989526
2020-01-01 15:20:30,Argentina,159.96575918196217,-32.73209022160208
2020-01-01 15:21:00,Argentina,164.2347850939532,-27.711793344622095
2020-01-01 15:21:30,Argentina,169.03736988848235,-22.8485412171051
2020-01-01 15:22:00,Argentina,172.286729897271,-17.048887201017628
2020-01-01 15:22:30,Argentina,176.40557421831818,-11.612941386143344
2020-01-01 15:23:00,Argentina,179.6151120222958,-5.720393541168297
2020-01-01 15:23:30,Argentina,-179.44320011963177,-0.5065262163613976
2020-01-01 15:24:00,Argentina,-176.46224970935305,4.693635381785819
2020-01-01 15:24:30,Argentina,-174.19980311599826,9.475750373239038
2020-01-01 15:25:00,Argentina,-172.5265494814309,12.39856214004878
2020-01-01 15:54:30,Svalbard,178.53868285323352,14.564990551670245
2020-01-01 15:55:00,Svalbard,173.3216603324512,15.146731371960653
2020-01-01 15:55:30,Svalbard,169.53890426723353,15.710925712619112
2020-01-01 15:56:00,Svalbard,163.4032638712209,16.85617900633779
2020-01-01 15:56:30,Svalbard,157.7639169579164,16.45894017567337
2020-01-01 15:57:00,Svalbard,150.48137025065446,16.792360718964325
2020-01-01 15:57:30,Svalbard,145.66660199615194,15.612417335645556
2020-01-01 15:58:00,Svalbard,138.87679664543248,15.194459113303843
2020-01-01 15:58:30,Svalbard,134.14794215672723,13.774279452522409
2020-01-01 15:59:00,Svalbard,129.12673138341535,12.499123833850703
2020-01-01 15:59:30,Svalbard,122.31386052780485,11.18363851248167
2020-01-01 16:00:00,Svalbard,118.71190860899964,9.097437789245749
2020-01-01 16:00:30,Svalbard,113.99690551587389,6.35064047234027
2020-01-01 16:01:00,Svalbard,109.27513971182793,5.032818709827349
2020-01-01 16:01:30,Svalbard,106.2371945977073,3.506620116611204
2020-01-01 16:42:00,Antarctica,64.66473615156691,-18.592653970705697
2020-01-01 16:42:30,Antarctica,65.80469664312687,-21.538113591086542
2020-01-01 16:43:00,Antarctica,67.85050441610032,-24.898377012101008
2020-01-01 16:43:30,Antarctica,67.88898019308738,-28.387987407827904
2020-01-01 16:44:00,Antarctica,70.24969345509447,-31.639272020165212
2020-01-01 16:44:30,Antarctica,72.47426870719636,-36.88218319216269
2020-01-01 16:45:00,Antarctica,76.81761189409825,-43.812123567765795
2020-01-01 16:45:30,Antarctica,84.52988677169304,-51.297513771459215
2020-01-01 16:46:00,Antarctica,99.25106105894186,-59.0867053341362
2020-01-01 16:46:30,Antarctica,135.36557792524982,-68.42423127469985
2020-01-01 16:47:00,Antarctica,-178.56364533899313,-62.40018259396913
2020-01-01 16:47:30,Antarctica,-155.4873180744444,-47.541400233877475
2020-01-01 16:48:00,Antarctica,-144.6628357138322,-34.11876170451319
2020-01-01 16:48:30,Antarctica,-140.0633639957637,-22.676064250214047
2020-01-01 16:49:00,Antarctica,-137.11906910771853,-14.841283551267967
2020-01-01 16:49:30,Antarctica,-134.67376592466712,-9.096961031452278
2020-01-01 16:50:00,Antarctica,-132.6113527515837,-4.110265652220793
2020-01-01 16:50:30,Antarctica,-132.75038531853627,-0.872543344984224
2020-01-01 16:51:00,Antarctica,-131.93326296835508,2.192446158708234
2020-01-01 16:51:30,Antarctica,-129.66728685165322,5.005440518306812
2020-01-01 16:52:00,Antarctica,-129.84256689402878,7.939212325055669
2020-01-01 16:52:30,Antarctica,-129.94045294185867,10.203580817058036
2020-01-01 16:53:00,Antarctica,-130.7609862001758,11.566010849657474
2020-01-01 17:29:30,Svalbard,-166.28128236806756,13.381991431124197
2020-01-01 17:30:00,Svalbard,-170.4974867152645,14.694038571312703
2020-01-01 17:30:30,Svalbard,-175.49835782393956,16.76920059788407
2020-01-01 17:31:00,Svalbard,178.71006040992168,16.91358539189012
2020-01-01 17:31:30,Svalbard,172.76379786170708,18.170690277910037
2020-01-01 17:32:00,Svalbard,167.13118733896832,17.879446959548012
2020-01-01 17:32:30,Svalbard,160.29738370684657,17.294560233223876
2020-01-01 17:33:00,Svalbard,152.159809159044,17.250721927300567
2020-01-01 17:33:30,Svalbard,145.4921646455598,16.1195615919463
2020-01-01 17:34:00,Svalbard,138.40898994627187,15.142579002629368
2020-01-01 17:34:30,Svalbard,131.78721322660883,13.659891577380034
2020-01-01 17:35:00,Svalbard,126.38882498065705,11.775461447553745
2020-01-01 17:35:30,Svalbard,118.55674216434092,9.798149753495332
2020-01-01 17:36:00,Svalbard,114.47731043915236,7.5350839481407315
2020-01-01 17:36:30,Svalbard,108.92717721702672,4.2971559998079965
2020-01-01 17:37:00,Svalbard,105.51927703785647,3.6200953552025967
2020-01-01 17:37:30,Svalbard,101.92038989140877,0.1834762761361956
2020-01-01 17:38:00,Svalbard,99.25011291026347,-1.609266761634808
2020-01-01 17:38:30,Svalbard,96.45827429578749,-3.852986296145035
2020-01-01 18:16:00,Antarctica,79.4396561832589,-17.530941813485022
2020-01-01 18:16:30,Antarctica,82.04373382558344,-19.909657704156164
2020-01-01 18:17:00,Antarctica,84.74714919668692,-22.781500918300498
2020-01-01 18:17:30,Antarctica,87.27196178298152,-24.785666684807076
2020-01-01 18:18:00,Antarctica,91.21460917688371,-29.41809025554764
2020-01-01 18:18:30,Antarctica,97.33283774442275,-33.67482219807301
2020-01-01 18:19:00,Antarctica,107.84547988975632,-36.98969860146091
2020-01-01 18:19:30,Antarctica,118.14870402457062,-43.10583935881736
2020-01-01 18:20:00,Antarctica,133.0954540786429,-43.056817440727364
2020-01-01 18:20:30,Antarctica,150.79203263827438,-42.5009281272769
2020-01-01 18:21:00,Antarctica,167.70883843314033,-40.4520371966216
2020-01-01 18:21:30,Antarctica,-177.2524534860678,-35.52618942114927
2020-01-01 18:22:00,Antarctica,-167.0625398991728,-29.265510800914257
2020-01-01 18:22:30,Antarctica,-160.43916465516998,-23.432599296708588
2020-01-01 18:23:00,Antarctica,-154.50652162216264,-18.329259414105906
2020-01-01 18:23:30,Antarctica,-150.91901301063572,-15.09395464776353
2020-01-01 18:24:00,Antarctica,-147.40126412156266,-10.135855865032296
2020-01-01 18:24:30,Antarctica,-144.26550834744546,-7.000042352577227
2020-01-01 18:25:00,Antarctica,-142.30171534882,-3.710906949243669
2020-01-01 18:25:30,Antarctica,-140.74138974484785,-1.3249406640580175
2020-01-01 18:26:00,Antarctica,-139.73113098524956,1.668633157609411
2020-01-01 18:26:30,Antarctica,-139.42169319241486,2.6257454635923096
2020-01-01 18:27:00,Antarctica,-137.96654119468673,5.591757783462751
2020-01-01 19:04:30,Svalbard,-152.55052031752746,14.046534149517504
2020-01-01 19:05:00,Svalbard,-156.8002176297071,15.875472299184208
2020-01-01 19:05:30,Svalbard,-160.81212032991095,17.10223163326091
2020-01-01 19:06:00,Svalbard,-164.56185141538026,18.275558065178945
2020-01-01 19:06:30,Svalbard,-170.15891229595226,20.98114688374617
2020-01-01 19:07:00,Svalbard,-176.42135795810182,21.34219842778863
2020-01-01 19:07:30,Svalbard,176.60889009278858,23.07118451505483
2020-01-01 19:08:00,Svalbard,167.42665737063277,22.913251134044277
2020-01-01 19:08:30,Svalbard,158.06369565430586,23.119446623026743
2020-01-01 19:09:00,Svalbard,148.64568995336379,21.6863613642063
2020-01-01 19:09:30,Svalbard,137.74264979258015,19.499255475979183
2020-01-01 19:10:00,Svalbard,129.53799503369666,17.381021540509117
2020-01-01 19:10:30,Svalbard,120.82465480416735,13.278150674355453
2020-01-01 19:11:00,Svalbard,112.13771374968024,9.731528418137895
2020-01-01 19:11:30,Svalbard,107.23902967615592,7.035591316811896
2020-01-01 19:12:00,Svalbard,100.59041742093943,2.958747773046545
2020-01-01 19:12:30,Svalbard,98.14093413727979,0.14676683560389353
2020-01-01 19:13:00,Svalbard,93.17812515244687,-2.3854505397016235
2020-01-01 19:13:30,Svalbard,90.75402087027643,-4.275225790638228
2020-01-01 19:14:00,Svalbard,88.51505199294782,-6.796264199753974
2020-01-01 19:14:30,Svalbard,85.99907583677812,-7.845532544253597
2020-01-01 19:49:00,Antarctica,83.64920248382052,-10.98241638881635
2020-01-01 19:49:30,Antarctica,86.26251879827764,-13.47687393203882
2020-01-01 19:50:00,Antarctica,87.16894337012162,-15.535006402394266
2020-01-01 19:50:30,Antarctica,90.52608761607131,-18.614465052983956
2020-01-01 19:51:00,Antarctica,95.03961056903341,-22.372899726642057
2020-01-01 19:51:30,Antarctica,99.97347441775983,-24.836780938068188
2020-01-01 19:52:00,Antarctica,105.61113690309523,-28.429476740857744
2020-01-01 19:52:30,Antarctica,113.71633597094382,-31.788156064446827
2020-01-01 19:53:00,Antarctica,125.03806240119553,-34.98764339196659
2020-01-01 19:53:30,Antarctica,136.5791929598713,-38.07503133319238
2020-01-01 19:54:00,Antarctica,149.7578644936474,-37.93443171410185
2020-01-01 19:54:30,Antarctica,164.37735074664351,-37.37998731737705
2020-01-01 19:55:00,Antarctica,176.54412864534396,-33.76201013028695
2020-01-01 19:55:30,Antarctica,-173.70481873229383,-30.919020438223246
2020-01-01 19:56:00,Antarctica,-166.10205857274772,-26.642480582329505
2020-01-01 19:56:30,Antarctica,-161.11938003714016,-22.535160834335308
2020-01-01 19:57:00,Antarctica,-154.8540589147803,-20.472168896296633
2020-01-01 19:57:30,Antarctica,-152.2423533494538,-15.981059207572763
2020-01-01 19:58:00,Antarctica,-147.80613532466984,-13.835114865506831
2020-01-01 19:58:30,Antarctica,-146.7825832215852,-9.951361316803206
2020-01-01 19:59:00,Antarctica,-144.6092917216236,-6.962037242661446
2020-01-01 19:59:30,Antarctica,-142.37910320644846,-5.669762037427967
2020-01-01 20:00:00,Antarctica,-141.6303965036508,-2.542952940001419
2020-01-01 20:39:30,Svalbard,-139.95649796713124,14.537370787901267
2020-01-01 20:40:00,Svalbard,-141.88966035175804,17.05790190006331
2020-01-01 20:40:30,Svalbard,-144.98883931663408,19.875975463008462
2020-01-01 20:41:00,Svalbard,-147.4929248167796,21.274551371029823
2020-01-01 20:41:30,Svalbard,-152.9456172666595,23.608721262689773
2020-01-01 20:42:00,Svalbard,-157.36955184256612,25.679337216880423
2020-01-01 20:42:30,Svalbard,-164.76968294386066,30.46061070817134
2020-01-01 20:43:00,Svalbard,-175.07690074205058,32.82948961468172
2020-01-01 20:43:30,Svalbard,171.22633657750802,34.58217075049051
2020-01-01 20:44:00,Svalbard,155.44874570769255,35.34021148653967
2020-01-01 20:44:30,Svalbard,138.21430684871467,31.990362150168473
2020-01-01 20:45:00,Svalbard,121.73401088336857,26.539183854606563
2020-01-01 20:45:30,Svalbard,109.06822108245225,21.319469277147316
2020-01-01 20:46:00,Svalbard,99.29532374009258,14.918989228375583
2020-01-01 20:46:30,Svalbard,92.86767150292945,10.098413877790652
2020-01-01 20:47:00,Svalbard,87.52743100009855,5.537053829761451
2020-01-01 20:47:30,Svalbard,84.6782397874943,1.9613906567567956
2020-01-01 20:48:00,Svalbard,79.54804942545572,-1.6405395322894052
2020-01-01 20:48:30,Svalbard,78.47467424421707,-4.82744193977467
2020-01-01 20:49:00,Svalbard,75.82689422566106,-6.840160920152707
2020-01-01 20:49:30,Svalbard,73.61869703112708,-8.941639488789194
2020-01-01 20:50:00,Svalbard,72.96311128024637,-11.42243685645454
2020-01-01 20:50:30,Svalbard,71.11316303406949,-13.80030142838782
2020-01-01 21:22:30,Antarctica,82.99286859255507,-5.759092434945746
2020-01-01 21:23:00,Antarctica,85.02862538778838,-7.59074272618299
2020-01-01 21:23:30,Antarctica,87.34239930212435,-10.11243286915816
2020-01-01 21:24:00,Antarctica,90.14599260807596,-13.90481826255068
2020-01-01 21:24:30,Antarctica,94.59390940173792,-17.12436647865535
2020-01-01 21:25:00,Antarctica,99.17562874608588,-21.730986990672083
2020-01-01 21:25:30,Antarctica,105.40880969698537,-26.06343580124628
2020-01-01 21:26:00,Antarctica,114.27184105795817,-30.104420513774024
2020-01-01 21:26:30,Antarctica,123.62036579796573,-34.75244138999234
2020-01-01 21:27:00,Antarctica,137.11581249476447,-38.44512056934992
2020-01-01 21:27:30,Antarctica,152.22748718210332,-39.815106303146756
2020-01-01 21:28:00,Antarctica,165.28239946975242,-39.47450276641829
2020-01-01 21:28:30,Antarctica,179.14802364035205,-36.80464281301549
2020-01-01 21:29:00,Antarctica,-170.71718388620437,-34.129386408163356
2020-01-01 21:29:30,Antarctica,-163.03147126888857,-30.384634797898734
2020-01-01 21:30:00,Antarctica,-156.89172290745714,-27.181656374861106
2020-01-01 21:30:30,Antarctica,-152.12239279589483,-23.662806168625835
2020-01-01 21:31:00,Antarctica,-148.5857911456523,-20.484774279933823
2020-01-01 21:31:30,Antarctica,-145.23785929183367,-17.143349380641897
2020-01-01 21:32:00,Antarctica,-143.40023870067165,-14.221702947651359
2020-01-01 21:32:30,Antarctica,-140.90238162717574,-11.899274285601217
2020-01-01 21:33:00,Antarctica,-140.03110892017267,-10.627228320405706
2020-01-01 21:33:30,Antarctica,-138.24932706997274,-8.795382267103484
2020-01-01 22:14:00,Svalbard,-125.53105897978637,14.102102673960482
2020-01-01 22:14:30,Svalbard,-126.07962386079835,15.544197008966616
2020-01-01 22:15:00,Svalbard,-127.47681042417726,18.849069220539175
2020-01-01 22:15:30,Svalbard,-128.50585483061803,21.626576848775702
2020-01-01 22:16:00,Svalbard,-131.4886077516739,25.353653103716216
2020-01-01 22:16:30,Svalbard,-132.30669803405632,28.70914651566032
2020-01-01 22:17:00,Svalbard,-135.2311773920294,34.99411804026335
2020-01-01 22:17:30,Svalbard,-140.52309642020214,43.191850805266384
2020-01-01 22:18:00,Svalbard,-149.1856493259878,52.771172481622735
2020-01-01 22:18:30,Svalbard,-172.41902895410297,63.48165957560552
2020-01-01 22:19:00,Svalbard,132.28330188614675,66.96905471402485
2020-01-01 22:19:30,Svalbard,94.76799796227921,53.1104278222392
2020-01-01 22:20:00,Svalbard,80.11378973738212,37.64781315790421
2020-01-01 22:20:30,Svalbard,73.11284133033409,26.28578709424832
2020-01-01 22:21:00,Svalbard,70.38410822340276,16.740414920475647
2020-01-01 22:21:30,Svalbard,67.20500508272478,10.72569598133098
2020-01-01 22:22:00,Svalbard,65.86592547111887,5.422953610388667
2020-01-01 22:22:30,Svalbard,64.09039141124016,2.9774785647062534
2020-01-01 22:23:00,Svalbard,63.542591509731196,-1.580391415444154
2020-01-01 22:23:30,Svalbard,63.309596412188434,-3.9308101266111075
2020-01-01 22:24:00,Svalbard,63.43527820748009,-6.17184396375275
2020-01-01 22:24:30,Svalbard,61.937833685826334,-8.546347309872873
2020-01-01 22:25:00,Svalbard,61.560836213540135,-11.10929824376178
2020-01-01 22:25:30,Svalbard,60.78418064255791,-12.812850710752471
2020-01-01 22:55:30,Antarctica,74.96664405042984,4.990685743873946
2020-01-01 22:56:00,Antarctica,75.92450790991192,2.1240841394617496
2020-01-01 22:56:30,Antarctica,77.67807919798555,0.5300396019804307
2020-01-01 22:57:00,Antarctica,79.48029939756341,-2.4910768844089732
2020-01-01 22:57:30,Antarctica,80.71841415059157,-6.482117197687476
2020-01-01 22:58:00,Antarctica,83.01466740407535,-10.78953011223973
2020-01-01 22:58:30,Antarctica,86.56818777079759,-15.528867451303894
2020-01-01 22:59:00,Antarctica,91.2047404413984,-21.41847967342482
2020-01-01 22:59:30,Antarctica,96.74445161946265,-27.94219080096198
2020-01-01 23:00:00,Antarctica,107.1560338734124,-37.444668880086674
2020-01-01 23:00:30,Antarctica,123.5764927697483,-45.24945459661458
2020-01-01 23:01:00,Antarctica,145.39878248462037,-51.37905531508733
2020-01-01 23:01:30,Antarctica,170.24191540314834,-50.039723902544324
2020-01-01 23:02:00,Antarctica,-169.92185553421257,-47.471415729029694
2020-01-01 23:02:30,Antarctica,-157.64373890427882,-42.307094939006525
2020-01-01 23:03:00,Antarctica,-149.31328082768138,-36.36961490482274
2020-01-01 23:03:30,Antarctica,-143.80322528212426,-32.25971437930134
2020-01-01 23:04:00,Antarctica,-140.53934739883485,-28.107081336433627
2020-01-01 23:04:30,Antarctica,-138.37196570226118,-24.369491655314715
2020-01-01 23:05:00,Antarctica,-135.11701584664885,-21.660627190890917
2020-01-01 23:05:30,Antarctica,-133.2779122204296,-19.058396885520242
2020-01-01 23:06:00,Antarctica,-132.85264770359828,-16.55847843810854
2020-01-01 23:06:30,Antarctica,-131.45795323306294,-13.941386497715726
2020-01-01 23:48:00,Svalbard,-115.53393243281523,10.581695120103312
2020-01-01 23:48:30,Svalbard,-115.44006343134231,13.620650932171284
2020-01-01 23:49:00,Svalbard,-114.41620432039815,15.136484950190358
2020-01-01 23:49:30,Svalbard,-114.31506834588627,18.232295313235003
2020-01-01 23:50:00,Svalbard,-113.19966674955556,22.489895897086154
2020-01-01 23:50:30,Svalbard,-112.61936219379557,26.854686790232673
2020-01-01 23:51:00,Svalbard,-110.62324162939497,32.04109820812812
2020-01-01 23:51:30,Svalbard,-106.5502360871796,38.77393354571598
2020-01-01 23:52:00,Svalbard,-101.04241464774951,48.618817624775865
2020-01-01 23:52:30,Svalbard,-89.01773051138413,59.00139093242755
2020-01-01 23:53:00,Svalbard,-51.695889662472204,71.78607711757053
2020-01-01 23:53:30,Svalbard,8.867918206081473,66.88014114527527
2020-01-01 23:54:00,Svalbard,32.05064704988081,50.94972858939732
2020-01-01 23:54:30,Svalbard,40.95162017599571,36.764422587185756
2020-01-01 23:55:00,Svalbard,45.906050135356416,28.12067338072262
2020-01-01 23:55:30,Svalbard,48.11943105309972,19.86018595968911
2020-01-01 23:56:00,Svalbard,50.32487139750055,14.223215977870275
2020-01-01 23:56:30,Svalbard,50.670848425098455,8.693807000978932
2020-01-01 23:57:00,Svalbard,51.48389871359465,5.755504966560634
2020-01-01 23:57:30,Svalbard,51.3654676006079,2.896820636264379
2020-01-01 23:58:00,Svalbard,52.61765896300065,-0.6851914113535001
2020-01-01 23:58:30,Svalbard,53.10970053531643,-3.7072794068604065
2020-01-01 23:59:00,Svalbard,52.66679986787918,-4.774754256373666
2020-01-01 23:59:30,Svalbard,53.541180663174124,-6.577160039116756
2020-01-02 00:00:00,Svalbard,52.40603471626523,-8.831377920419044
2020-01-02 00:20:30,Argentina,102.84716052299893,31.668619736495533
2020-01-02 00:21:00,Argentina,102.76273138503265,28.43074577265695
2020-01-02 00:21:30,Argentina,103.77724091324373,24.874019467433406
2020-01-02 00:22:00,Argentina,106.46140666891701,21.442031994700507
2020-01-02 00:22:30,Argentina,106.2714328122413,14.82276216012132
2020-01-02 00:23:00,Argentina,109.93789178165085,9.128630765089392
2020-01-02 00:23:30,Argentina,111.79420664095687,2.1027066276154036
2020-01-02 00:24:00,Argentina,115.96617654953666,-5.528542197798505
2020-01-02 00:24:30,Argentina,119.18832865545555,-14.252465465685471
2020-01-02 00:25:00,Argentina,124.90002043136207,-23.97282615153817
2020-01-02 00:25:30,Argentina,129.9999796389793,-32.39706875923451
2020-01-02 00:26:00,Argentina,137.64472387969425,-40.2226684132294
2020-01-02 00:26:30,Argentina,147.01077492961082,-47.14392856964098
2020-01-02 00:27:00,Argentina,157.663884857801,-51.920180388566166
2020-01-02 00:27:30,Argentina,168.44118606968485,-55.49149880218083
2020-01-02 00:28:00,Argentina,177.28931164067887,-57.64815847486852
2020-01-02 00:28:30,Argentina,-173.89478917411017,-57.3050418313112
2020-01-02 00:29:00,Argentina,-165.04604508754772,-57.13648193703322
2020-01-02 00:29:30,Argentina,-158.16289384591866,-56.09342552252259
2020-01-02 00:30:00,Antarctica,63.09034433724525,11.313789740005463
2020-01-02 00:30:30,Antarctica,61.874505751434896,7.284797352463562
2020-01-02 00:31:00,Antarctica,61.53806594218056,5.1960461661872746
2020-01-02 00:31:30,Antarctica,60.832252483896795,1.7016899406191082
2020-01-02 00:32:00,Antarctica,59.267695006607255,-3.591139455991459
2020-01-02 00:32:30,Antarctica,59.47511899170354,-6.82403670064159
2020-01-02 00:33:00,Antarctica,58.55745872098313,-14.695856500185586
2020-01-02 00:33:30,Antarctica,56.52630026226482,-24.38315995869638
2020-01-02 00:34:00,Antarctica,54.40954651305786,-38.44918453964028
2020-01-02 00:34:30,Antarctica,48.80758617448137,-57.70366735544146
2020-01-02 00:35:00,Antarctica,13.822860904729694,-79.48398515271555
2020-01-02 00:35:30,Antarctica,-92.28330543227074,-73.51100749260185
2020-01-02 00:36:00,Antarctica,-106.51941084039443,-57.92574331624307
2020-01-02 00:36:30,Antarctica,-110.3516868558558,-47.877569953142
2020-01-02 00:37:00,Antarctica,-112.54928238163235,-39.685511947962226
2020-01-02 00:37:30,Antarctica,-114.01111389974936,-34.96147316525264
2020-01-02 00:38:00,Antarctica,-115.00550699696483,-30.551982138894633
2020-01-02 00:38:30,Antarctica,-115.20819549219729,-26.50650995718031
2020-01-02 00:39:00,Antarctica,-114.90424484528346,-23.612401188021067
2020-01-02 00:39:30,Antarctica,-116.9027071287531,-20.763974677019544
2020-01-02 00:40:00,Antarctica,-117.13566474824569,-18.90513859256032
2020-01-02 00:40:30,Antarctica,-117.90614941425542,-15.571074519298014
2020-01-02 00:50:00,Australia,-5.7965003531825126,-45.14256278129356
2020-01-02 00:50:30,Australia,-9.917286032855731,-43.987267720520755
2020-01-02 00:51:00,Australia,-14.324394319554182,-42.37211270826245
2020-01-02 00:51:30,Australia,-20.42792983152922,-40.0821617761422
2020-01-02 00:52:00,Australia,-26.843541249918314,-36.25727601639919
2020-01-02 00:52:30,Australia,-32.120968202085066,-33.98121201102545
2020-01-02 00:53:00,Australia,-37.44849495793944,-28.90105418888607
2020-01-02 00:53:30,Australia,-44.09412541723803,-22.36605260921478
2020-01-02 00:54:00,Australia,-48.37771093820766,-15.837839163525572
2020-01-02 00:54:30,Australia,-54.42447022610667,-7.44271142178041
2020-01-02 00:55:00,Australia,-58.542425085624686,0.507898228809016
2020-01-02 00:55:30,Australia,-63.81979573033299,7.945474340187884
2020-01-02 00:56:00,Australia,-67.88493858552016,16.081001203481257
2020-01-02 00:56:30,Australia,-71.36381975510812,22.886693497775973
2020-01-02 00:57:00,Australia,-74.7099066606873,28.967568586262747
2020-01-02 00:57:30,Australia,-78.33700945427542,34.186162393643805
2020-01-02 00:58:00,Australia,-80.41298001923762,38.920868858430474
2020-01-02 00:58:30,Australia,-84.27800468302611,43.1662839860968
2020-01-02 00:59:00,Australia,-85.31760410726571,46.27199529894217
2020-01-02 00:59:30,Australia,-87.86980424663567,49.630150094083255
