datetime_utc,ground_station,range_rate
2020-01-01 01:02:30,Australia,-6398.397384250528
2020-01-01 01:03:00,Australia,-6282.9292450392695
2020-01-01 01:03:30,Australia,-6144.268329444183
2020-01-01 01:04:00,Australia,-5947.743871627411
2020-01-01 01:04:30,Australia,-5705.680915984643
2020-01-01 01:05:00,Australia,-5339.893526843201
2020-01-01 01:05:30,Australia,-4880.366538829398
2020-01-01 01:06:00,Australia,-4280.5908932472485
2020-01-01 01:06:30,Australia,-3464.8170515334677
2020-01-01 01:07:00,Australia,-2442.214442896518
2020-01-01 01:07:30,Australia,-1224.3507715284934
2020-01-01 01:08:00,Australia,108.20297977677009
2020-01-01 01:08:30,Australia,1430.6151814086147
2020-01-01 01:09:00,Australia,2632.599382531781
2020-01-01 01:09:30,Australia,3592.7191674561586
2020-01-01 01:10:00,Australia,4389.5620492568105
2020-01-01 01:10:30,Australia,4987.638120157405
2020-01-01 01:11:00,Australia,5422.33276000356
2020-01-01 01:11:30,Australia,5759.502063019273
2020-01-01 01:12:00,Australia,6005.547848770423
2020-01-01 01:12:30,Australia,6201.374352966309
2020-01-01 01:13:00,Australia,6339.2186461561105
2020-01-01 01:35:00,Svalbard,-6893.127217274691
2020-01-01 01:35:30,Svalbard,-6858.732974610697
2020-01-01 01:36:00,Svalbard,-6793.074466913221
2020-01-01 01:36:30,Svalbard,-6696.03388957716
2020-01-01 01:37:00,Svalbard,-6564.430401353816
2020-01-01 01:37:30,Svalbard,-6374.784650933532
2020-01-01 01:38:00,Svalbard,-6036.593988840409
2020-01-01 01:38:30,Svalbard,-5604.611224788614
2020-01-01 01:39:00,Svalbard,-4858.870747148749
2020-01-01 01:39:30,Svalbard,-3726.5835155561654
2020-01-01 01:40:00,Svalbard,-2094.2691610401475
2020-01-01 01:40:30,Svalbard,-58.14303741028443
2020-01-01 01:41:00,Svalbard,2031.2793505929997
2020-01-01 01:41:30,Svalbard,3688.7887072796393
2020-01-01 01:42:00,Svalbard,4822.260529920205
2020-01-01 01:42:30,Svalbard,5567.085819465669
2020-01-01 01:43:00,Svalbard,6044.992060107599
2020-01-01 01:43:30,Svalbard,6343.4956062335905
2020-01-01 01:44:00,Svalbard,6574.105421735622
2020-01-01 01:44:30,Svalbard,6708.125504933123
2020-01-01 01:45:00,Svalbard,6789.259888471262
2020-01-01 01:45:30,Svalbard,6846.873574466285
2020-01-01 01:46:00,Svalbard,6894.298681628774
2020-01-01 02:07:30,Argentina,-6102.449166542071
2020-01-01 02:08:00,Argentina,-5930.821302908199
2020-01-01 02:08:30,Argentina,-5742.459154020235
2020-01-01 02:09:00,Argentina,-5479.1850896139185
2020-01-01 02:09:30,Argentina,-5101.473871293377
2020-01-01 02:10:00,Argentina,-4656.394262348788
2020-01-01 02:10:30,Argentina,-4090.444820204589
2020-01-01 02:11:00,Argentina,-3379.1972920358253
2020-01-01 02:11:30,Argentina,-2489.0121907656085
2020-01-01 02:12:00,Argentina,-1504.7049725964525
2020-01-01 02:12:30,Argentina,-392.33186640084176
2020-01-01 02:13:00,Argentina,755.1964761627578
2020-01-01 02:13:30,Argentina,1827.566032700961
2020-01-01 02:14:00,Argentina,2804.8184367827885
2020-01-01 02:14:30,Argentina,3596.073730396379
2020-01-01 02:15:00,Argentina,4264.873001383412
2020-01-01 02:15:30,Argentina,4788.566383993537
2020-01-01 02:16:00,Argentina,5202.1709772136755
2020-01-01 02:16:30,Argentina,5524.7655149833
2020-01-01 02:17:00,Argentina,5756.462993700438
2020-01-01 02:17:30,Argentina,5961.155811984495
2020-01-01 02:18:00,Antarctica,-6495.0363036645185
2020-01-01 02:18:30,Antarctica,-6379.173542537733
2020-01-01 02:19:00,Antarctica,-6226.680186019575
2020-01-01 02:19:30,Antarctica,-6017.078301973699
2020-01-01 02:20:00,Antarctica,-5696.718492987063
2020-01-01 02:20:30,Antarctica,-5288.7778107207305
2020-01-01 02:21:00,Antarctica,-4715.806623277094
2020-01-01 02:21:30,Antarctica,-3915.4090043113406
2020-01-01 02:22:00,Antarctica,-2854.0240740304293
2020-01-01 02:22:30,Antarctica,-1503.5603682898216
2020-01-01 02:23:00,Antarctica,16.872889767587207
2020-01-01 02:23:30,Antarctica,1543.9280779770193
2020-01-01 02:24:00,Antarctica,2871.564655710732
2020-01-01 02:24:30,Antarctica,3939.7626723451617
2020-01-01 02:25:00,Antarctica,4723.434362809644
2020-01-01 02:25:30,Antarctica,5309.087402323956
2020-01-01 02:26:00,Antarctica,5713.860161810855
2020-01-01 02:26:30,Antarctica,6021.842756431429
2020-01-01 02:27:00,Antarctica,6210.203314783655
2020-01-01 02:27:30,Antarctica,6378.897516757341
2020-01-01 02:28:00,Antarctica,6494.279639433954
2020-01-01 02:28:30,Antarctica,6565.30212735931
2020-01-01 02:37:00,Australia,-6221.347530147952
2020-01-01 02:37:30,Australia,-6053.318289315486
2020-01-01 02:38:00,Australia,-5849.215251787043
2020-01-01 02:38:30,Australia,-5584.559232577992
2020-01-01 02:39:00,Australia,-5213.710016904975
2020-01-01 02:39:30,Australia,-4770.397468178848
2020-01-01 02:40:00,Australia,-4176.525488927252
2020-01-01 02:40:30,Australia,-3457.704747080541
2020-01-01 02:41:00,Australia,-2539.1003068841896
2020-01-01 02:41:30,Australia,-1475.5403487842275
2020-01-01 02:42:00,Australia,-320.47042530116016
2020-01-01 02:42:30,Australia,871.5548990918013
2020-01-01 02:43:00,Australia,1993.8395484383925
2020-01-01 02:43:30,Australia,2993.3270929561627
2020-01-01 02:44:00,Australia,3805.056454231326
2020-01-01 02:44:30,Australia,4466.913438646899
2020-01-01 02:45:00,Australia,4963.092965559776
2020-01-01 02:45:30,Australia,5406.580546105535
2020-01-01 02:46:00,Australia,5696.089787079208
2020-01-01 02:46:30,Australia,5923.098938022852
2020-01-01 02:47:00,Australia,6103.56495126857
2020-01-01 03:09:00,Svalbard,-6920.839068493924
2020-01-01 03:09:30,Svalbard,-6885.739044374282
2020-01-01 03:10:00,Svalbard,-6804.606488826093
2020-01-01 03:10:30,Svalbard,-6734.287902713128
2020-01-01 03:11:00,Svalbard,-6607.95674792215
2020-01-01 03:11:30,Svalbard,-6407.516974098442
2020-01-01 03:12:00,Svalbard,-6109.700953107676
2020-01-01 03:12:30,Svalbard,-5679.211726557538
2020-01-01 03:13:00,Svalbard,-4967.763312408164
2020-01-01 03:13:30,Svalbard,-3893.88896226664
2020-01-01 03:14:00,Svalbard,-2308.1893953521926
2020-01-01 03:14:30,Svalbard,-236.57258146277067
2020-01-01 03:15:00,Svalbard,1883.9935287359206
2020-01-01 03:15:30,Svalbard,3587.4736042694685
2020-01-01 03:16:00,Svalbard,4783.597773965594
2020-01-01 03:16:30,Svalbard,5568.661434569481
2020-01-01 03:17:00,Svalbard,6033.875100784741
2020-01-01 03:17:30,Svalbard,6350.781459435874
2020-01-01 03:18:00,Svalbard,6561.804680086766
2020-01-01 03:18:30,Svalbard,6704.46441106083
2020-01-01 03:19:00,Svalbard,6793.529822546806
2020-01-01 03:19:30,Svalbard,6886.476625034514
2020-01-01 03:20:00,Svalbard,6916.837634252264
2020-01-01 03:20:30,Svalbard,6931.407824818508
2020-01-01 03:54:00,Antarctica,-5293.762196039029
2020-01-01 03:54:30,Antarctica,-5031.580279333061
2020-01-01 03:55:00,Antarctica,-4692.523814167927
2020-01-01 03:55:30,Antarctica,-4323.795867104005
2020-01-01 03:56:00,Antarctica,-3843.080628313809
2020-01-01 03:56:30,Antarctica,-3294.04532887532
2020-01-01 03:57:00,Antarctica,-2659.4866821156065
2020-01-01 03:57:30,Antarctica,-1916.076647247171
2020-01-01 03:58:00,Antarctica,-1092.9347903318242
2020-01-01 03:58:30,Antarctica,-228.6623290064783
2020-01-01 03:59:00,Antarctica,645.3926383501467
2020-01-01 03:59:30,Antarctica,1497.3397344101327
2020-01-01 04:00:00,Antarctica,2268.503358893538
2020-01-01 04:00:30,Antarctica,2967.584676882476
2020-01-01 04:01:00,Antarctica,3576.8358343126674
2020-01-01 04:01:30,Antarctica,4103.2452656512205
2020-01-01 04:02:00,Antarctica,4526.3171533947
2020-01-01 04:02:30,Antarctica,4865.433375245889
2020-01-01 04:03:00,Antarctica,5147.74462848703
2020-01-01 04:03:30,Antarctica,5385.579524435066
2020-01-01 04:43:00,Svalbard,-7015.749873601193
2020-01-01 04:43:30,Svalbard,-6989.377643328293
2020-01-01 04:44:00,Svalbard,-6947.299920731122
2020-01-01 04:44:30,Svalbard,-6899.836518081188
2020-01-01 04:45:00,Svalbard,-6819.616851850503
2020-01-01 04:45:30,Svalbard,-6691.268399707959
2020-01-01 04:46:00,Svalbard,-6514.828426160874
2020-01-01 04:46:30,Svalbard,-6217.638507194225
2020-01-01 04:47:00,Svalbard,-5689.312053122259
2020-01-01 04:47:30,Svalbard,-4835.668884277174
2020-01-01 04:48:00,Svalbard,-3357.8139258196948
2020-01-01 04:48:30,Svalbard,-1123.6543087948567
2020-01-01 04:49:00,Svalbard,1469.257453137351
2020-01-01 04:49:30,Svalbard,3595.232597269971
2020-01-01 04:50:00,Svalbard,4989.092794924314
2020-01-01 04:50:30,Svalbard,5794.038508788871
2020-01-01 04:51:00,Svalbard,6253.1465421173025
2020-01-01 04:51:30,Svalbard,6539.019012586871
2020-01-01 04:52:00,Svalbard,6730.350313803778
2020-01-01 04:52:30,Svalbard,6845.494193577484
2020-01-01 04:53:00,Svalbard,6927.825605802371
2020-01-01 04:53:30,Svalbard,6970.44523512373
2020-01-01 04:54:00,Svalbard,7015.648775460757
2020-01-01 04:54:30,Svalbard,7004.911868426412
2020-01-01 06:17:30,Svalbard,-6982.4220561361735
2020-01-01 06:18:00,Svalbard,-6987.621778835343
2020-01-01 06:18:30,Svalbard,-6964.074992475789
2020-01-01 06:19:00,Svalbard,-6877.747687845016
2020-01-01 06:19:30,Svalbard,-6845.792569316544
2020-01-01 06:20:00,Svalbard,-6708.085684315567
2020-01-01 06:20:30,Svalbard,-6533.120268786335
2020-01-01 06:21:00,Svalbard,-6247.9862942955715
2020-01-01 06:21:30,Svalbard,-5722.4094890174765
2020-01-01 06:22:00,Svalbard,-4829.354613237587
2020-01-01 06:22:30,Svalbard,-3315.474807349563
2020-01-01 06:23:00,Svalbard,-975.9794633795519
2020-01-01 06:23:30,Svalbard,1725.9641388948965
2020-01-01 06:24:00,Svalbard,3838.0583963172494
2020-01-01 06:24:30,Svalbard,5150.746644357939
2020-01-01 06:25:00,Svalbard,5888.32777931774
2020-01-01 06:25:30,Svalbard,6319.440780703256
2020-01-01 06:26:00,Svalbard,6592.76670889487
2020-01-01 06:26:30,Svalbard,6759.317233064763
2020-01-01 06:27:00,Svalbard,6830.789780341594
2020-01-01 06:27:30,Svalbard,6915.02444950222
2020-01-01 06:28:00,Svalbard,6953.844757910115
2020-01-01 06:28:30,Svalbard,6977.69802921186
2020-01-01 06:29:00,Svalbard,7002.537232483908
2020-01-01 07:52:30,Svalbard,-6675.3361300133965
2020-01-01 07:53:00,Svalbard,-6611.911091407992
2020-01-01 07:53:30,Svalbard,-6537.152329882793
2020-01-01 07:54:00,Svalbard,-6413.126759391807
2020-01-01 07:54:30,Svalbard,-6228.854314806678
2020-01-01 07:55:00,Svalbard,-5970.661098630417
2020-01-01 07:55:30,Svalbard,-5636.57246897453
2020-01-01 07:56:00,Svalbard,-5134.657159759574
2020-01-01 07:56:30,Svalbard,-4367.127827394437
2020-01-01 07:57:00,Svalbard,-3340.8734240449585
2020-01-01 07:57:30,Svalbard,-1941.501279692357
2020-01-01 07:58:00,Svalbard,-288.5735845035032
2020-01-01 07:58:30,Svalbard,1449.3316019425783
2020-01-01 07:59:00,Svalbard,2900.570028552888
2020-01-01 07:59:30,Svalbard,4058.511854736023
2020-01-01 08:00:00,Svalbard,4907.227527411673
2020-01-01 08:00:30,Svalbard,5478.853152797983
2020-01-01 08:01:00,Svalbard,5874.5324155033995
2020-01-01 08:01:30,Svalbard,6157.957662944855
2020-01-01 08:02:00,Svalbard,6355.215641055226
2020-01-01 08:02:30,Svalbard,6499.064934872562
2020-01-01 08:03:00,Svalbard,6592.742695642156
2020-01-01 08:03:30,Svalbard,6657.30407596427
2020-01-01 08:04:00,Svalbard,6717.652298455818
2020-01-01 09:28:30,Svalbard,-5927.933237849341
2020-01-01 09:29:00,Svalbard,-5741.146875498509
2020-01-01 09:29:30,Svalbard,-5529.123996231845
2020-01-01 09:30:00,Svalbard,-5230.219622051108
2020-01-01 09:30:30,Svalbard,-4839.942598703589
2020-01-01 09:31:00,Svalbard,-4351.095031102602
2020-01-01 09:31:30,Svalbard,-3760.4100182517554
2020-01-01 09:32:00,Svalbard,-3014.786692647392
2020-01-01 09:32:30,Svalbard,-2117.758285630092
2020-01-01 09:33:00,Svalbard,-1119.3439682794124
2020-01-01 09:33:30,Svalbard,-32.37000185261962
2020-01-01 09:34:00,Svalbard,1060.198948971661
2020-01-01 09:34:30,Svalbard,2081.5929832257857
2020-01-01 09:35:00,Svalbard,2983.1845372349526
2020-01-01 09:35:30,Svalbard,3728.449802425561
2020-01-01 09:36:00,Svalbard,4334.651693630637
2020-01-01 09:36:30,Svalbard,4819.6300676227775
2020-01-01 09:37:00,Svalbard,5197.461196582782
2020-01-01 09:37:30,Svalbard,5483.022235313326
2020-01-01 09:38:00,Svalbard,5730.768688128965
2020-01-01 09:38:30,Svalbard,5925.730141587913
2020-01-01 10:25:00,Antarctica,-1984.4143815553366
2020-01-01 10:25:30,Antarctica,-1479.1830812372423
2020-01-01 10:26:00,Antarctica,-963.2997622682977
2020-01-01 10:26:30,Antarctica,-434.55672497737913
2020-01-01 10:27:00,Antarctica,132.8982928760748
2020-01-01 10:27:30,Antarctica,691.500744123441
2020-01-01 10:28:00,Antarctica,1221.0508706975288
2020-01-01 10:28:30,Antarctica,1751.8266649389896
2020-01-01 11:05:00,Svalbard,-4975.764089705154
2020-01-01 11:05:30,Svalbard,-4700.466980317512
2020-01-01 11:06:00,Svalbard,-4351.76075922634
2020-01-01 11:06:30,Svalbard,-3942.458012575272
2020-01-01 11:07:00,Svalbard,-3457.458956666
2020-01-01 11:07:30,Svalbard,-2892.6098914216386
2020-01-01 11:08:00,Svalbard,-2244.14285905544
2020-01-01 11:08:30,Svalbard,-1550.172708850592
2020-01-01 11:09:00,Svalbard,-785.481018138692
2020-01-01 11:09:30,Svalbard,9.006556638024104
2020-01-01 11:10:00,Svalbard,812.7865446943014
2020-01-01 11:10:30,Svalbard,1558.54077822987
2020-01-01 11:11:00,Svalbard,2269.9306588082027
2020-01-01 11:11:30,Svalbard,2907.1732484528407
2020-01-01 11:12:00,Svalbard,3471.761832594932
2020-01-01 11:12:30,Svalbard,3945.8935626407697
2020-01-01 11:13:00,Svalbard,4382.100310166285
2020-01-01 11:13:30,Svalbard,4697.01095370371
2020-01-01 11:14:00,Svalbard,4972.113059693928
2020-01-01 11:42:30,Australia,-4074.2092355274895
2020-01-01 11:43:00,Australia,-3617.7960225060033
2020-01-01 11:43:30,Australia,-3143.8363173969883
2020-01-01 11:44:00,Australia,-2563.030203401025
2020-01-01 11:44:30,Australia,-1929.1300758990608
2020-01-01 11:45:00,Australia,-1233.0820987052173
2020-01-01 11:45:30,Australia,-507.3989645050929
2020-01-01 11:46:00,Australia,256.3050058440264
2020-01-01 11:46:30,Australia,994.4357986588581
2020-01-01 11:47:00,Australia,1687.4194121483538
2020-01-01 11:47:30,Australia,2341.7512663648663
2020-01-01 11:48:00,Australia,2940.2183537759624
2020-01-01 11:48:30,Australia,3493.877139852777
2020-01-01 11:49:00,Australia,3930.9100467708154
2020-01-01 11:49:30,Australia,4331.627264153385
2020-01-01 11:59:30,Antarctica,-4545.086856231488
2020-01-01 12:00:00,Antarctica,-4213.697487472937
2020-01-01 12:00:30,Antarctica,-3831.6996091224696
2020-01-01 12:01:00,Antarctica,-3355.7343018431066
2020-01-01 12:01:30,Antarctica,-2819.211801393255
2020-01-01 12:02:00,Antarctica,-2222.1945239574766
2020-01-01 12:02:30,Antarctica,-1551.9909011758427
2020-01-01 12:03:00,Antarctica,-856.1381861020432
2020-01-01 12:03:30,Antarctica,-134.5511100820554
2020-01-01 12:04:00,Antarctica,623.6195756844289
2020-01-01 12:04:30,Antarctica,1340.4194897832456
2020-01-01 12:05:00,Antarctica,2043.3982876239265
2020-01-01 12:05:30,Antarctica,2648.4467476359955
2020-01-01 12:06:00,Antarctica,3188.52667389529
2020-01-01 12:06:30,Antarctica,3680.7983726600887
2020-01-01 12:07:00,Antarctica,4095.456597316796
2020-01-01 12:07:30,Antarctica,4457.2068040517215
2020-01-01 12:13:00,Argentina,-1751.3297858166507
2020-01-01 12:13:30,Argentina,-1231.5724589294973
2020-01-01 12:14:00,Argentina,-685.2615980446474
2020-01-01 12:14:30,Argentina,-111.36172978609002
2020-01-01 12:15:00,Argentina,463.54214961839364
2020-01-01 12:15:30,Argentina,1024.1273235368808
2020-01-01 12:16:00,Argentina,1571.260156040446
2020-01-01 12:42:30,Svalbard,-3804.055480826141
2020-01-01 12:43:00,Svalbard,-3404.5838034922863
2020-01-01 12:43:30,Svalbard,-2939.888994700247
2020-01-01 12:44:00,Svalbard,-2419.3652857509437
2020-01-01 12:44:30,Svalbard,-1862.6073928420399
2020-01-01 12:45:00,Svalbard,-1225.5994050197573
2020-01-01 12:45:30,Svalbard,-581.6106926846612
2020-01-01 12:46:00,Svalbard,60.101925822006336
2020-01-01 12:46:30,Svalbard,737.872331035157
2020-01-01 12:47:00,Svalbard,1343.0737951703802
2020-01-01 12:47:30,Svalbard,1962.834433191042
2020-01-01 12:48:00,Svalbard,2516.6873612778704
2020-01-01 12:48:30,Svalbard,3035.2372221764854
2020-01-01 12:49:00,Svalbard,3470.0632348804734
2020-01-01 12:49:30,Svalbard,3856.6891932800245
2020-01-01 13:14:00,Australia,-7065.657807676821
2020-01-01 13:14:30,Australia,-7064.195349332659
2020-01-01 13:15:00,Australia,-7018.4107174029305
2020-01-01 13:15:30,Australia,-6969.126538030195
2020-01-01 13:16:00,Australia,-6922.088618253673
2020-01-01 13:16:30,Australia,-6803.168125407859
2020-01-01 13:17:00,Australia,-6598.531876067935
2020-01-01 13:17:30,Australia,-6271.912760216232
2020-01-01 13:18:00,Australia,-5751.713176608213
2020-01-01 13:18:30,Australia,-4779.548520795247
2020-01-01 13:19:00,Australia,-3033.6553133326743
2020-01-01 13:19:30,Australia,-401.9129297846815
2020-01-01 13:20:00,Australia,2392.821209495389
2020-01-01 13:20:30,Australia,4373.7274243318525
2020-01-01 13:21:00,Australia,5530.358073427022
2020-01-01 13:21:30,Australia,6144.2392242052765
2020-01-01 13:22:00,Australia,6509.400497611083
2020-01-01 13:22:30,Australia,6732.628705284805
2020-01-01 13:23:00,Australia,6872.610847521596
2020-01-01 13:23:30,Australia,6951.527452587038
2020-01-01 13:24:00,Australia,7002.9245241015415
2020-01-01 13:24:30,Australia,7043.263765543753
2020-01-01 13:25:00,Australia,7061.703695358804
2020-01-01 13:25:30,Australia,7030.43858183784
2020-01-01 13:34:00,Antarctica,-6221.171517898388
2020-01-01 13:34:30,Antarctica,-6108.564830861123
2020-01-01 13:35:00,Antarctica,-5928.2304165771675
2020-01-01 13:35:30,Antarctica,-5712.941767598465
2020-01-01 13:36:00,Antarctica,-5443.949735605152
2020-01-01 13:36:30,Antarctica,-5103.238951805091
2020-01-01 13:37:00,Antarctica,-4634.988442105694
2020-01-01 13:37:30,Antarctica,-4028.835364838139
2020-01-01 13:38:00,Antarctica,-3258.264965208308
2020-01-01 13:38:30,Antarctica,-2320.8924901390055
2020-01-01 13:39:00,Antarctica,-1223.9034602937181
2020-01-01 13:39:30,Antarctica,-45.069184374472954
2020-01-01 13:40:00,Antarctica,1146.0380634286676
2020-01-01 13:40:30,Antarctica,2283.243548317482
2020-01-01 13:41:00,Antarctica,3204.58217115293
2020-01-01 13:41:30,Antarctica,3978.629291360705
2020-01-01 13:42:00,Antarctica,4589.673362792638
2020-01-01 13:42:30,Antarctica,5089.012365094339
2020-01-01 13:43:00,Antarctica,5434.649451762649
2020-01-01 13:43:30,Antarctica,5726.132303124654
2020-01-01 13:44:00,Antarctica,5941.494577644413
2020-01-01 13:44:30,Antarctica,6087.36698528635
2020-01-01 13:45:00,Antarctica,6238.080230953919
2020-01-01 13:45:30,Argentina,-6886.005176720418
2020-01-01 13:46:00,Argentina,-6826.052296902005
2020-01-01 13:46:30,Argentina,-6680.623127573372
2020-01-01 13:47:00,Argentina,-6461.294622310736
2020-01-01 13:47:30,Argentina,-6115.369148891373
2020-01-01 13:48:00,Argentina,-5533.886909558604
2020-01-01 13:48:30,Argentina,-4523.469153554821
2020-01-01 13:49:00,Argentina,-2839.4044026591596
2020-01-01 13:49:30,Argentina,-384.4706587244928
2020-01-01 13:50:00,Argentina,2194.955394340338
2020-01-01 13:50:30,Argentina,4105.968586517012
2020-01-01 13:51:00,Argentina,5303.3546224533075
2020-01-01 13:51:30,Argentina,5985.6335404582305
2020-01-01 13:52:00,Argentina,6375.15639369109
2020-01-01 13:52:30,Argentina,6629.789114203274
2020-01-01 13:53:00,Argentina,6776.770941495243
2020-01-01 13:53:30,Argentina,6875.28667544279
2020-01-01 13:54:00,Argentina,6954.82848944404
2020-01-01 13:54:30,Argentina,6980.654587641614
2020-01-01 13:55:00,Argentina,7001.055350305008
2020-01-01 13:55:30,Argentina,7036.401423178622
2020-01-01 14:19:30,Svalbard,-3445.6163013677183
2020-01-01 14:20:00,Svalbard,-3021.222653490029
2020-01-01 14:20:30,Svalbard,-2559.162682718251
2020-01-01 14:21:00,Svalbard,-2040.840623633441
2020-01-01 14:21:30,Svalbard,-1467.5663256755026
2020-01-01 14:22:00,Svalbard,-881.8570723236464
2020-01-01 14:22:30,Svalbard,-237.37262517969015
2020-01-01 14:23:00,Svalbard,372.9912290284409
2020-01-01 14:23:30,Svalbard,996.020363208782
2020-01-01 14:24:00,Svalbard,1594.1497070943897
2020-01-01 14:24:30,Svalbard,2129.1424310816615
2020-01-01 14:25:00,Svalbard,2647.9730986429695
2020-01-01 14:25:30,Svalbard,3118.0264872715193
2020-01-01 14:26:00,Svalbard,3519.1979088622757
2020-01-01 14:53:00,Australia,-1630.5547888033711
2020-01-01 14:53:30,Australia,-1087.5988539542939
2020-01-01 14:54:00,Australia,-506.89776445780547
2020-01-01 14:54:30,Australia,83.74885240598498
2020-01-01 14:55:00,Australia,662.4154827898135
2020-01-01 14:55:30,Australia,1207.093825743287
2020-01-01 14:56:00,Australia,1766.0459665246183
2020-01-01 15:09:00,Antarctica,-6945.8782291643365
2020-01-01 15:09:30,Antarctica,-6915.457576194994
2020-01-01 15:10:00,Antarctica,-6878.950254107242
2020-01-01 15:10:30,Antarctica,-6824.0971212184295
2020-01-01 15:11:00,Antarctica,-6702.8461495829015
2020-01-01 15:11:30,Antarctica,-6565.2402710566175
2020-01-01 15:12:00,Antarctica,-6370.437154824335
2020-01-01 15:12:30,Antarctica,-6020.057331043325
2020-01-01 15:13:00,Antarctica,-5451.073677400781
2020-01-01 15:13:30,Antarctica,-4532.864242154289
2020-01-01 15:14:00,Antarctica,-3069.109837494961
2020-01-01 15:14:30,Antarctica,-917.6988900655151
2020-01-01 15:15:00,Antarctica,1488.9095787677643
2020-01-01 15:15:30,Antarctica,3476.5658939190184
2020-01-01 15:16:00,Antarctica,4798.691097343476
2020-01-01 15:16:30,Antarctica,5619.203101046533
2020-01-01 15:17:00,Antarctica,6131.350154918027
2020-01-01 15:17:30,Antarctica,6420.64226611382
2020-01-01 15:18:00,Antarctica,6622.149238355341
2020-01-01 15:18:30,Antarctica,6774.540506815293
2020-01-01 15:19:00,Antarctica,6838.131438974416
2020-01-01 15:19:30,Antarctica,6894.737162244471
2020-01-01 15:20:00,Antarctica,6948.741256274803
2020-01-01 15:20:30,Antarctica,6961.19394459172
2020-01-01 15:21:00,Argentina,-3409.465276599502
2020-01-01 15:21:30,Argentina,-2800.162695664205
2020-01-01 15:22:00,Argentina,-2124.3577833891745
2020-01-01 15:22:30,Argentina,-1380.4242578481637
2020-01-01 15:23:00,Argentina,-582.8064619628253
2020-01-01 15:23:30,Argentina,217.06532291884432
2020-01-01 15:24:00,Argentina,1010.600019594996
2020-01-01 15:24:30,Argentina,1767.316507880106
2020-01-01 15:25:00,Argentina,2502.834090323995
2020-01-01 15:25:30,Argentina,3135.171967680941
2020-01-01 15:26:00,Argentina,3668.2600064394796
2020-01-01 15:26:30,Argentina,4155.809163811189
2020-01-01 15:27:00,Argentina,4547.9101520746835
2020-01-01 15:27:30,Argentina,4854.819238618612
2020-01-01 15:56:00,Svalbard,-3789.4218398343073
2020-01-01 15:56:30,Svalbard,-3399.6128976564905
2020-01-01 15:57:00,Svalbard,-2922.9732700220147
2020-01-01 15:57:30,Svalbard,-2419.2275951211213
2020-01-01 15:58:00,Svalbard,-1828.2679987283798
2020-01-01 15:58:30,Svalbard,-1226.128803799497
2020-01-01 15:59:00,Svalbard,-585.4971992771738
2020-01-01 15:59:30,Svalbard,86.06050690917978
2020-01-01 16:00:00,Svalbard,732.5309760629216
2020-01-01 16:00:30,Svalbard,1397.147797975149
2020-01-01 16:01:00,Svalbard,2004.9626589448562
2020-01-01 16:01:30,Svalbard,2565.178211694028
2020-01-01 16:02:00,Svalbard,3083.6657640534254
2020-01-01 16:02:30,Svalbard,3532.324357510101
2020-01-01 16:03:00,Svalbard,3889.7668255105073
2020-01-01 16:43:30,Antarctica,-6999.891769819167
2020-01-01 16:44:00,Antarctica,-6981.770829763703
2020-01-01 16:44:30,Antarctica,-6961.727611339547
2020-01-01 16:45:00,Antarctica,-6874.056038029122
2020-01-01 16:45:30,Antarctica,-6795.540225553597
2020-01-01 16:46:00,Antarctica,-6647.902889986823
2020-01-01 16:46:30,Antarctica,-6420.907046407223
2020-01-01 16:47:00,Antarctica,-6089.210870102932
2020-01-01 16:47:30,Antarctica,-5546.129711666572
2020-01-01 16:48:00,Antarctica,-4616.281457487812
2020-01-01 16:48:30,Antarctica,-3094.841770151545
2020-01-01 16:49:00,Antarctica,-901.5685195688158
2020-01-01 16:49:30,Antarctica,1573.3038640806694
2020-01-01 16:50:00,Antarctica,3607.2402784841684
2020-01-01 16:50:30,Antarctica,4916.525415149288
2020-01-01 16:51:00,Antarctica,5718.351119748692
2020-01-01 16:51:30,Antarctica,6201.652125111449
2020-01-01 16:52:00,Antarctica,6502.787375130821
2020-01-01 16:52:30,Antarctica,6700.951912084769
2020-01-01 16:53:00,Antarctica,6810.542551900347
2020-01-01 16:53:30,Antarctica,6903.297879011431
2020-01-01 16:54:00,Antarctica,6936.755697354421
2020-01-01 16:54:30,Antarctica,6987.029397272759
2020-01-01 16:55:00,Antarctica,7006.65297879718
2020-01-01 17:31:30,Svalbard,-4960.143973586057
2020-01-01 17:32:00,Svalbard,-4650.208798762044
2020-01-01 17:32:30,Svalbard,-4283.421020939536
2020-01-01 17:33:00,Svalbard,-3880.1842113644125
2020-01-01 17:33:30,Svalbard,-3362.262582351272
2020-01-01 17:34:00,Svalbard,-2777.29577376089
2020-01-01 17:34:30,Svalbard,-2103.4394897866123
2020-01-01 17:35:00,Svalbard,-1384.4449285741298
2020-01-01 17:35:30,Svalbard,-612.9913600180034
2020-01-01 17:36:00,Svalbard,199.0000756865566
2020-01-01 17:36:30,Svalbard,1023.503552083292
2020-01-01 17:37:00,Svalbard,1761.3818361121891
2020-01-01 17:37:30,Svalbard,2489.1219656451785
2020-01-01 17:38:00,Svalbard,3096.0060826452777
2020-01-01 17:38:30,Svalbard,3649.1165446994696
2020-01-01 17:39:00,Svalbard,4100.10677702805
2020-01-01 17:39:30,Svalbard,4462.790137358779
2020-01-01 17:40:00,Svalbard,4829.155834443097
2020-01-01 17:40:30,Svalbard,5099.373387389553
2020-01-01 18:17:30,Antarctica,-6719.994065493149
2020-01-01 18:18:00,Antarctica,-6622.46678307615
2020-01-01 18:18:30,Antarctica,-6540.74519575496
2020-01-01 18:19:00,Antarctica,-6377.915292118728
2020-01-01 18:19:30,Antarctica,-6174.4052911281715
2020-01-01 18:20:00,Antarctica,-5891.994898995447
2020-01-01 18:20:30,Antarctica,-5522.749121297127
2020-01-01 18:21:00,Antarctica,-4982.912403846008
2020-01-01 18:21:30,Antarctica,-4252.991534170458
2020-01-01 18:22:00,Antarctica,-3233.8556596267945
2020-01-01 18:22:30,Antarctica,-1955.3582053144198
2020-01-01 18:23:00,Antarctica,-412.01529342356486
2020-01-01 18:23:30,Antarctica,1165.7027941298854
2020-01-01 18:24:00,Antarctica,2603.526836738233
2020-01-01 18:24:30,Antarctica,3773.241649069494
2020-01-01 18:25:00,Antarctica,4644.8688651502625
2020-01-01 18:25:30,Antarctica,5279.602970701698
2020-01-01 18:26:00,Antarctica,5745.081192547012
2020-01-01 18:26:30,Antarctica,6050.428477634114
2020-01-01 18:27:00,Antarctica,6265.127120022357
2020-01-01 18:27:30,Antarctica,6439.3161029356725
2020-01-01 18:28:00,Antarctica,6575.416032220347
2020-01-01 18:28:30,Antarctica,6661.928570625706
2020-01-01 19:06:30,Svalbard,-6047.099668635496
2020-01-01 19:07:00,Svalbard,-5899.96303688282
2020-01-01 19:07:30,Svalbard,-5706.429818244674
2020-01-01 19:08:00,Svalbard,-5457.637870423364
2020-01-01 19:08:30,Svalbard,-5148.123297096225
2020-01-01 19:09:00,Svalbard,-4724.25117877951
2020-01-01 19:09:30,Svalbard,-4204.003854014642
2020-01-01 19:10:00,Svalbard,-3541.3165832181717
2020-01-01 19:10:30,Svalbard,-2736.7561581823825
2020-01-01 19:11:00,Svalbard,-1804.390733758511
2020-01-01 19:11:30,Svalbard,-708.0411336991856
2020-01-01 19:12:00,Svalbard,414.99090569691043
2020-01-01 19:12:30,Svalbard,1487.4949516167321
2020-01-01 19:13:00,Svalbard,2496.970984427244
2020-01-01 19:13:30,Svalbard,3343.646756761512
2020-01-01 19:14:00,Svalbard,4035.72526200371
2020-01-01 19:14:30,Svalbard,4602.596150016235
2020-01-01 19:15:00,Svalbard,5055.997210237896
2020-01-01 19:15:30,Svalbard,5394.810512255547
2020-01-01 19:16:00,Svalbard,5678.637522733912
2020-01-01 19:16:30,Svalbard,5891.17623860991
2020-01-01 19:17:00,Svalbard,6034.338555745364
2020-01-01 19:51:30,Antarctica,-6406.046444244343
2020-01-01 19:52:00,Antarctica,-6282.88821344842
2020-01-01 19:52:30,Antarctica,-6092.225102921675
2020-01-01 19:53:00,Antarctica,-5885.99460453615
2020-01-01 19:53:30,Antarctica,-5556.167164622958
2020-01-01 19:54:00,Antarctica,-5153.466199949493
2020-01-01 19:54:30,Antarctica,-4605.324683163237
2020-01-01 19:55:00,Antarctica,-3909.390224300235
2020-01-01 19:55:30,Antarctica,-3000.306656459686
2020-01-01 19:56:00,Antarctica,-1889.2636811927284
2020-01-01 19:56:30,Antarctica,-615.987332249892
2020-01-01 19:57:00,Antarctica,709.4664266965814
2020-01-01 19:57:30,Antarctica,1965.8978685515879
2020-01-01 19:58:00,Antarctica,3066.576899580155
2020-01-01 19:58:30,Antarctica,3957.0440561780943
2020-01-01 19:59:00,Antarctica,4684.284049945214
2020-01-01 19:59:30,Antarctica,5179.4131609893175
2020-01-01 20:00:00,Antarctica,5598.271153307682
2020-01-01 20:00:30,Antarctica,5876.502015858559
2020-01-01 20:01:00,Antarctica,6120.285430002119
2020-01-01 20:01:30,Antarctica,6300.179469928861
2020-01-01 20:02:00,Antarctica,6414.200719373059
2020-01-01 20:41:30,Svalbard,-6724.006180218602
2020-01-01 20:42:00,Svalbard,-6687.659798804486
2020-01-01 20:42:30,Svalbard,-6587.635341899133
2020-01-01 20:43:00,Svalbard,-6494.1103997320815
2020-01-01 20:43:30,Svalbard,-6305.948699759531
2020-01-01 20:44:00,Svalbard,-6096.6693631698745
2020-01-01 20:44:30,Svalbard,-5795.985077009806
2020-01-01 20:45:00,Svalbard,-5360.925279029812
2020-01-01 20:45:30,Svalbard,-4685.545409806731
2020-01-01 20:46:00,Svalbard,-3743.0753296070443
2020-01-01 20:46:30,Svalbard,-2423.9014617568564
2020-01-01 20:47:00,Svalbard,-779.4006114698261
2020-01-01 20:47:30,Svalbard,1017.9902925000679
2020-01-01 20:48:00,Svalbard,2651.2911080408094
2020-01-01 20:48:30,Svalbard,3890.330546174369
2020-01-01 20:49:00,Svalbard,4809.010817023376
2020-01-01 20:49:30,Svalbard,5421.793860129679
2020-01-01 20:50:00,Svalbard,5858.009977651478
2020-01-01 20:50:30,Svalbard,6153.373349640821
2020-01-01 20:51:00,Svalbard,6357.043171413525
2020-01-01 20:51:30,Svalbard,6513.39914747929
2020-01-01 20:52:00,Svalbard,6610.275600101056
2020-01-01 20:52:30,Svalbard,6692.995356782239
2020-01-01 20:53:00,Svalbard,6748.1407045711485
2020-01-01 21:25:00,Antarctica,-6509.755079534634
2020-01-01 21:25:30,Antarctica,-6382.043396808772
2020-01-01 21:26:00,Antarctica,-6221.77267394958
2020-01-01 21:26:30,Antarctica,-5995.560006960874
2020-01-01 21:27:00,Antarctica,-5737.62899091875
2020-01-01 21:27:30,Antarctica,-5338.51375768884
2020-01-01 21:28:00,Antarctica,-4814.894318514665
2020-01-01 21:28:30,Antarctica,-4119.887423711129
2020-01-01 21:29:00,Antarctica,-3201.1228698831414
2020-01-01 21:29:30,Antarctica,-2079.496863421424
2020-01-01 21:30:00,Antarctica,-755.454506945841
2020-01-01 21:30:30,Antarctica,680.8129690216049
2020-01-01 21:31:00,Antarctica,2006.6301899106097
2020-01-01 21:31:30,Antarctica,3172.6149936823954
2020-01-01 21:32:00,Antarctica,4070.907977575009
2020-01-01 21:32:30,Antarctica,4779.61530827527
2020-01-01 21:33:00,Antarctica,5325.8266048683
2020-01-01 21:33:30,Antarctica,5719.594467344414
2020-01-01 21:34:00,Antarctica,6000.2673755063
2020-01-01 21:34:30,Antarctica,6214.822700606506
2020-01-01 21:35:00,Antarctica,6379.330727817846
2020-01-01 21:35:30,Antarctica,6497.865020431869
2020-01-01 22:16:00,Svalbard,-7015.381398356452
2020-01-01 22:16:30,Svalbard,-7025.323994082629
2020-01-01 22:17:00,Svalbard,-6977.552651375514
2020-01-01 22:17:30,Svalbard,-6958.516512095053
2020-01-01 22:18:00,Svalbard,-6890.603429225734
2020-01-01 22:18:30,Svalbard,-6843.021124120999
2020-01-01 22:19:00,Svalbard,-6700.459467397604
2020-01-01 22:19:30,Svalbard,-6510.616667084067
2020-01-01 22:20:00,Svalbard,-6177.085826245075
2020-01-01 22:20:30,Svalbard,-5654.221380772573
2020-01-01 22:21:00,Svalbard,-4686.728069580646
2020-01-01 22:21:30,Svalbard,-2998.43927253307
2020-01-01 22:22:00,Svalbard,-484.90745114220806
2020-01-01 22:22:30,Svalbard,2204.2489748228995
2020-01-01 22:23:00,Svalbard,4178.023318756517
2020-01-01 22:23:30,Svalbard,5383.172728231881
2020-01-01 22:24:00,Svalbard,6029.413347277503
2020-01-01 22:24:30,Svalbard,6421.031063712509
2020-01-01 22:25:00,Svalbard,6656.016033308651
2020-01-01 22:25:30,Svalbard,6799.593673729826
2020-01-01 22:26:00,Svalbard,6878.259343929155
2020-01-01 22:26:30,Svalbard,6938.680168915756
2020-01-01 22:27:00,Svalbard,6985.152009302707
2020-01-01 22:27:30,Svalbard,6996.203779217217
2020-01-01 22:28:00,Svalbard,7017.943669537869
2020-01-01 22:58:30,Antarctica,-6869.808091170973
2020-01-01 22:59:00,Antarctica,-6805.7256255854145
2020-01-01 22:59:30,Antarctica,-6732.8220865840685
2020-01-01 23:00:00,Antarctica,-6627.876908174063
2020-01-01 23:00:30,Antarctica,-6451.344080864356
2020-01-01 23:01:00,Antarctica,-6212.946983886972
2020-01-01 23:01:30,Antarctica,-5894.399109730766
2020-01-01 23:02:00,Antarctica,-5367.934381650761
2020-01-01 23:02:30,Antarctica,-4628.73595205305
2020-01-01 23:03:00,Antarctica,-3469.494616964664
2020-01-01 23:03:30,Antarctica,-1932.4675183722911
2020-01-01 23:04:00,Antarctica,-38.36855115200136
2020-01-01 23:04:30,Antarctica,1858.737886524807
2020-01-01 23:05:00,Antarctica,3433.9311823487988
2020-01-01 23:05:30,Antarctica,4563.278199918918
2020-01-01 23:06:00,Antarctica,5357.467539585229
2020-01-01 23:06:30,Antarctica,5841.598536790526
2020-01-01 23:07:00,Antarctica,6207.263534093939
2020-01-01 23:07:30,Antarctica,6429.675699874426
2020-01-01 23:08:00,Antarctica,6610.355672291478
2020-01-01 23:08:30,Antarctica,6718.1167823111355
2020-01-01 23:09:00,Antarctica,6787.022004889811
2020-01-01 23:09:30,Antarctica,6864.570685423702
2020-01-01 23:50:30,Svalbard,-7020.835483150389
2020-01-01 23:51:00,Svalbard,-7000.615316569496
2020-01-01 23:51:30,Svalbard,-6981.049352918829
2020-01-01 23:52:00,Svalbard,-6927.639217718228
2020-01-01 23:52:30,Svalbard,-6880.306398791883
2020-01-01 23:53:00,Svalbard,-6767.284546727815
2020-01-01 23:53:30,Svalbard,-6636.932090860687
2020-01-01 23:54:00,Svalbard,-6396.164032167059
2020-01-01 23:54:30,Svalbard,-6016.371461491677
2020-01-01 23:55:00,Svalbard,-5419.948187591886
2020-01-01 23:55:30,Svalbard,-4340.845305089489
2020-01-01 23:56:00,Svalbard,-2586.5687632534305
2020-01-01 23:56:30,Svalbard,-153.83655744268185
2020-01-01 23:57:00,Svalbard,2333.670255566099
2020-01-01 23:57:30,Svalbard,4197.0831394730585
2020-01-01 23:58:00,Svalbard,5322.724397408902
2020-01-01 23:58:30,Svalbard,5962.42716302742
2020-01-01 23:59:00,Svalbard,6371.066286961911
2020-01-01 23:59:30,Svalbard,6637.04949358138
2020-01-02 00:00:00,Svalbard,6770.750107292461
2020-01-02 00:00:30,Svalbard,6891.448185696508
2020-01-02 00:01:00,Svalbard,6943.292047389224
2020-01-02 00:01:30,Svalbard,6973.923427345166
2020-01-02 00:02:00,Svalbard,6991.7937410778195
2020-01-02 00:02:30,Svalbard,7016.84088511359
2020-01-02 00:23:30,Argentina,-6283.905120971359
2020-01-02 00:24:00,Argentina,-6143.438651912774
2020-01-02 00:24:30,Argentina,-5906.353653326726
2020-01-02 00:25:00,Argentina,-5661.005476772397
2020-01-02 00:25:30,Argentina,-5290.888878186471
2020-01-02 00:26:00,Argentina,-4828.464881656875
2020-01-02 00:26:30,Argentina,-4214.424070925418
2020-01-02 00:27:00,Argentina,-3441.679004767686
2020-01-02 00:27:30,Argentina,-2467.394226315112
2020-01-02 00:28:00,Argentina,-1335.8133881915367
2020-01-02 00:28:30,Argentina,-92.30607936507091
2020-01-02 00:29:00,Argentina,1166.4487429434382
2020-01-02 00:29:30,Argentina,2336.074866681034
2020-01-02 00:30:00,Argentina,3333.167158580559
2020-01-02 00:30:30,Argentina,4118.839860009066
2020-01-02 00:31:00,Argentina,4753.066123867889
2020-01-02 00:31:30,Argentina,5241.570631171653
2020-01-02 00:32:00,Argentina,5613.206981512114
2020-01-02 00:32:30,Argentina,5880.7834019732245
2020-01-02 00:33:00,Argentina,6123.068797128465
2020-01-02 00:33:30,Argentina,6277.791463635761
2020-01-02 00:34:00,Antarctica,-6998.251159792029
2020-01-02 00:34:30,Antarctica,-6924.160235648464
2020-01-02 00:35:00,Antarctica,-6825.399532000623
2020-01-02 00:35:30,Antarctica,-6666.923741956377
2020-01-02 00:36:00,Antarctica,-6397.934296295271
2020-01-02 00:36:30,Antarctica,-5944.634416499868
2020-01-02 00:37:00,Antarctica,-5132.597558919825
2020-01-02 00:37:30,Antarctica,-3658.250491987908
2020-01-02 00:38:00,Antarctica,-1207.7373482229218
2020-01-02 00:38:30,Antarctica,1690.3294617423555
2020-01-02 00:39:00,Antarctica,3946.3271900183036
2020-01-02 00:39:30,Antarctica,5289.428824253917
2020-01-02 00:40:00,Antarctica,6032.385128098109
2020-01-02 00:40:30,Antarctica,6472.993883172062
2020-01-02 00:41:00,Antarctica,6680.690638927502
2020-01-02 00:41:30,Antarctica,6824.8449294949
2020-01-02 00:42:00,Antarctica,6925.468596715804
2020-01-02 00:42:30,Antarctica,6985.822971238658
2020-01-02 00:43:00,Antarctica,7037.4251067710275
2020-01-02 00:43:30,Antarctica,7032.010744152507
2020-01-02 00:44:00,Antarctica,7034.5950513278385
2020-01-02 00:53:00,Australia,-5987.173452988615
2020-01-02 00:53:30,Australia,-5825.099043565757
2020-01-02 00:54:00,Australia,-5608.161806997782
2020-01-02 00:54:30,Australia,-5303.028762464983
2020-01-02 00:55:00,Australia,-4947.61702659012
2020-01-02 00:55:30,Australia,-4473.383831283375
2020-01-02 00:56:00,Australia,-3878.035221837989
2020-01-02 00:56:30,Australia,-3147.6961768643905
2020-01-02 00:57:00,Australia,-2245.042273804589
2020-01-02 00:57:30,Australia,-1210.1048799813448
2020-01-02 00:58:00,Australia,-107.36627172248119
2020-01-02 00:58:30,Australia,1019.9596604433273
2020-01-02 00:59:00,Australia,2063.457228164218
2020-01-02 00:59:30,Australia,2988.910225988091
2020-01-02 01:00:00,Australia,3751.1049511005244
